Timestamp, DS18B20, DHT11, LM35DZ, BMP180, Thermistor, DHT22
12/4/2022 13:00,23.62,23,27.34,22.19,23.73,22.6
12/4/2022 13:00,23.69,23,21,22.2,23.83,22.6
12/4/2022 13:00,23.75,23,46.88,22.22,23.93,22.6
12/4/2022 13:01,23.81,23,23.44,22.21,23.93,22.6
12/4/2022 13:01,23.81,23,30.27,22.23,23.93,22.7
12/4/2022 13:01,23.87,23,39.06,22.22,23.83,22.7
12/4/2022 13:01,23.87,23,21.48,22.24,24.03,22.6
12/4/2022 13:01,23.87,23,23.93,22.25,24.03,22.7
12/4/2022 13:02,23.94,23,43.46,22.28,24.03,22.7
12/4/2022 13:02,23.94,23,21,22.3,24.13,22.7
12/4/2022 13:02,24,23,22.95,22.32,24.23,22.7
12/4/2022 13:02,24.06,23,26.86,22.35,24.43,22.8
12/4/2022 13:02,24.06,23,45.41,22.41,24.33,22.8
12/4/2022 13:02,24.06,23,22.95,22.38,24.23,22.8
12/4/2022 13:03,24.12,23,23.93,22.39,24.23,22.8
12/4/2022 13:03,24.12,23,41.5,22.42,24.33,22.8
12/4/2022 13:03,24.12,23,23.44,22.45,24.13,22.8
12/4/2022 13:03,24.19,23,21,22.48,24.33,22.9
12/4/2022 13:03,24.12,23,20.51,22.47,24.33,22.9
12/4/2022 13:03,24.12,23,20.51,22.48,24.33,22.9
12/4/2022 13:04,24.19,23,38.57,22.52,24.53,22.9
12/4/2022 13:04,24.25,23,22.95,22.51,24.53,22.9
12/4/2022 13:04,24.25,23,22.46,22.5,24.43,22.9
12/4/2022 13:04,24.25,23,21.48,22.48,24.33,23
12/4/2022 13:04,24.25,23,43.95,22.5,24.33,23
12/4/2022 13:05,24.31,23,23.44,22.52,24.33,23
12/4/2022 13:05,24.25,23,45.41,22.55,24.33,23
12/4/2022 13:05,24.25,23,35.64,22.54,24.23,23
12/4/2022 13:05,24.31,23,20.51,22.55,24.43,23
12/4/2022 13:05,24.31,23,46.39,22.54,24.33,23.1
12/4/2022 13:05,24.37,23,37.6,22.54,24.33,23.1
12/4/2022 13:06,24.37,23,46.88,22.54,24.33,23.1
12/4/2022 13:06,24.37,23,21.97,22.54,24.43,23.1
12/4/2022 13:06,24.44,23,21.48,22.54,24.43,23.1
12/4/2022 13:06,24.44,23,22.95,22.56,24.43,23.1
12/4/2022 13:06,24.5,23,43.95,22.58,24.53,23.1
12/4/2022 13:06,24.44,23,21.97,22.58,24.63,23.1
12/4/2022 13:07,24.44,23,21.97,22.59,24.63,23.1
12/4/2022 13:07,24.44,23,22.95,22.6,24.53,23.1
12/4/2022 13:07,24.5,23,44.43,22.57,24.43,23.1
12/4/2022 13:07,24.5,23,21.48,22.6,24.43,23.1
12/4/2022 13:07,24.5,23,20.02,22.6,24.63,23.1
12/4/2022 13:08,24.5,23,36.13,22.61,24.63,23.2
12/4/2022 13:08,24.44,23,21.48,22.62,24.63,23.2
12/4/2022 13:08,24.5,23,21,22.62,24.53,23.2
12/4/2022 13:08,24.5,23,20.02,22.62,24.43,23.2
12/4/2022 13:08,24.5,23,21,22.63,24.53,23.2
12/4/2022 13:08,24.56,23,24.41,22.64,24.43,23.2
12/4/2022 13:09,24.56,23,22.46,22.63,24.43,23.2
12/4/2022 13:09,24.56,23,20.51,22.64,24.43,23.2
12/4/2022 13:09,24.56,23,32.71,22.64,24.43,23.2
12/4/2022 13:09,24.56,23,26.37,22.65,24.33,23.2
12/4/2022 13:09,24.56,23,21.48,22.65,24.33,23.2
12/4/2022 13:09,24.56,23,36.62,22.66,24.33,23.2
12/4/2022 13:10,24.62,23,26.37,22.66,24.33,23.2
12/4/2022 13:10,24.56,23,21,22.72,24.43,23.2
12/4/2022 13:10,24.62,23,21.48,22.74,24.53,23.3
12/4/2022 13:10,24.62,23,45.9,22.74,24.53,23.3
12/4/2022 13:10,24.62,23,41.99,22.73,24.43,23.3
12/4/2022 13:11,24.62,23,35.16,22.72,24.33,23.3
12/4/2022 13:11,24.56,23,21.48,22.72,24.33,23.3
12/4/2022 13:11,24.56,23,31.25,22.72,24.33,23.3
12/4/2022 13:11,24.62,23,20.51,22.73,24.43,23.3
12/4/2022 13:11,24.62,23,26.37,22.73,24.43,23.3
12/4/2022 13:11,24.62,23,47.85,22.75,24.73,23.3
12/4/2022 13:12,24.62,23,20.51,22.76,24.73,23.3
12/4/2022 13:12,24.69,23,32.71,22.78,24.43,23.3
12/4/2022 13:12,24.62,23,44.92,22.81,24.43,23.3
12/4/2022 13:12,24.62,23,20.51,22.79,24.33,23.3
12/4/2022 13:12,24.69,23,31.74,22.8,24.73,23.3
12/4/2022 13:12,24.62,23,24.9,22.84,24.43,23.4
12/4/2022 13:13,24.62,23,30.76,22.88,24.33,23.4
12/4/2022 13:13,24.69,23,30.76,22.9,24.43,23.4
12/4/2022 13:13,24.69,24,37.6,22.87,24.23,23.4
12/4/2022 13:13,24.69,24,30.76,22.89,24.63,23.4
12/4/2022 13:13,24.69,24,35.16,22.88,24.53,23.4
12/4/2022 13:14,24.69,24,20.51,22.89,24.43,23.4
12/4/2022 13:14,24.62,24,21.48,22.9,24.23,23.4
12/4/2022 13:14,24.69,24,24.41,22.92,24.53,23.4
12/4/2022 13:14,24.69,24,42.48,22.92,24.73,23.4
12/4/2022 13:14,24.69,24,38.09,22.91,24.23,23.4
12/4/2022 13:14,24.69,24,25.39,22.89,23.83,23.4
12/4/2022 13:15,24.62,24,22.46,22.89,23.93,23.4
12/4/2022 13:15,24.69,24,20.02,22.92,24.13,23.4
12/4/2022 13:15,24.62,24,36.62,22.95,24.03,23.4
12/4/2022 13:15,24.62,24,43.46,23.01,24.03,23.4
12/4/2022 13:15,24.69,24,32.71,23.06,23.83,23.4
12/4/2022 13:15,24.62,24,20.02,23.09,23.83,23.5
12/4/2022 13:16,24.69,24,20.02,23.13,24.03,23.5
12/4/2022 13:16,24.69,24,36.62,23.16,24.33,23.5
12/4/2022 13:16,24.69,24,29.3,23.21,24.23,23.6
12/4/2022 13:16,24.69,24,20.02,23.25,24.33,23.6
12/4/2022 13:16,24.69,24,22.46,23.27,24.23,23.6
12/4/2022 13:17,24.69,24,22.46,23.25,24.13,23.6
12/4/2022 13:17,24.75,24,20.02,23.26,24.33,23.6
12/4/2022 13:17,24.69,24,21.97,23.3,24.33,23.6
12/4/2022 13:17,24.75,24,21.48,23.33,24.43,23.6
12/4/2022 13:17,24.69,24,20.51,23.33,24.43,23.6
12/4/2022 13:17,24.69,24,39.55,23.29,24.53,23.6
12/4/2022 13:18,24.75,24,21,23.26,24.23,23.6
12/4/2022 13:18,24.69,24,23.44,23.23,23.63,23.6
12/4/2022 13:18,24.69,24,36.62,23.19,23.63,23.6
12/4/2022 13:18,24.62,24,43.46,23.19,24.23,23.6
12/4/2022 13:18,24.62,24,24.41,23.21,23.93,23.6
12/4/2022 13:18,24.69,24,21.97,23.2,24.13,23.6
12/4/2022 13:19,24.69,24,37.11,23.19,24.33,23.6
12/4/2022 13:19,24.69,24,46.39,23.2,24.53,23.6
12/4/2022 13:19,24.69,24,20.51,23.19,24.43,23.6
12/4/2022 13:19,24.69,24,19.53,23.21,24.53,23.6
12/4/2022 13:19,24.69,24,21,23.19,24.53,23.6
12/4/2022 13:20,24.69,24,21,23.25,24.43,23.6
12/4/2022 13:20,24.69,24,20.02,23.29,24.43,23.6
12/4/2022 13:20,24.75,24,26.37,23.35,24.43,23.6
12/4/2022 13:20,24.75,24,35.64,23.38,24.63,23.6
12/4/2022 13:20,24.75,24,33.2,23.42,24.43,23.7
12/4/2022 13:20,24.75,24,36.62,23.48,24.53,23.7
12/4/2022 13:21,24.75,24,21.48,23.46,24.53,23.7
12/4/2022 13:21,24.75,24,20.51,23.5,24.53,23.7
12/4/2022 13:21,24.75,24,27.83,23.54,24.43,23.7
12/4/2022 13:21,24.81,24,20.02,23.6,24.33,23.7
12/4/2022 13:21,24.81,24,45.9,23.62,24.43,23.7
12/4/2022 13:21,24.81,24,21.48,23.63,24.13,23.7
12/4/2022 13:22,24.75,24,41.5,23.61,24.43,23.7
12/4/2022 13:22,24.75,24,40.04,23.64,24.53,23.7
12/4/2022 13:22,24.81,24,21.48,23.69,24.43,23.8
12/4/2022 13:22,24.81,24,20.02,23.72,24.43,23.8
12/4/2022 13:22,24.81,24,39.06,23.74,24.33,23.8
12/4/2022 13:23,24.81,24,20.51,23.78,24.33,23.8
12/4/2022 13:23,24.81,24,20.02,23.76,24.13,23.8
12/4/2022 13:23,24.81,24,20.51,23.75,24.43,23.9
12/4/2022 13:23,24.81,24,23.44,23.78,24.53,23.8
12/4/2022 13:23,24.81,24,20.02,23.79,24.23,23.9
12/4/2022 13:23,24.81,24,43.95,23.79,24.33,23.9
12/4/2022 13:24,24.81,24,20.51,23.81,24.23,23.9
12/4/2022 13:24,24.87,24,33.2,23.8,24.63,23.9
12/4/2022 13:24,24.87,25,47.36,23.78,24.53,23.9
12/4/2022 13:24,24.87,25,34.18,23.75,24.33,23.9
12/4/2022 13:24,24.87,25,31.25,23.72,24.63,23.9
12/4/2022 13:24,24.94,25,37.11,23.69,24.43,23.9
12/4/2022 13:25,24.87,25,20.51,23.68,24.33,23.9
12/4/2022 13:25,24.87,25,41.5,23.67,24.53,23.9
12/4/2022 13:25,24.87,25,23.44,23.64,24.43,23.9
12/4/2022 13:25,24.87,25,25.88,23.63,24.63,23.9
12/4/2022 13:25,24.87,25,20.51,23.64,24.63,23.9
12/4/2022 13:26,24.87,25,21.48,23.66,24.53,23.9
12/4/2022 13:26,24.87,25,28.81,23.71,24.53,23.9
12/4/2022 13:26,24.87,25,41.5,23.78,24.63,23.9
12/4/2022 13:26,24.94,25,21.48,23.8,24.53,23.9
12/4/2022 13:26,24.94,25,20.51,23.81,24.53,23.9
12/4/2022 13:26,24.94,25,20.51,23.89,24.43,23.9
12/4/2022 13:27,24.87,25,22.46,23.93,24.33,23.9
12/4/2022 13:27,24.94,25,41.99,23.93,24.33,23.9
12/4/2022 13:27,25,25,24.9,23.95,24.63,24
12/4/2022 13:27,25,25,20.51,24,24.53,24
12/4/2022 13:27,24.94,25,22.46,24.03,24.53,24
12/4/2022 13:27,24.94,25,21.48,24.05,24.53,24
12/4/2022 13:28,24.94,25,24.41,24.08,24.43,24
12/4/2022 13:28,25,25,22.95,24.11,24.53,24
12/4/2022 13:28,25,25,20.51,24.14,24.53,24
12/4/2022 13:28,24.94,25,22.46,24.14,24.43,24
12/4/2022 13:28,24.87,25,24.41,24.14,24.53,24
12/4/2022 13:29,24.94,25,24.41,24.12,24.63,24.1
12/4/2022 13:29,25,25,47.36,24.13,24.53,24.1
12/4/2022 13:29,24.94,25,22.95,24.16,24.33,24.1
12/4/2022 13:29,24.94,25,21,24.18,24.33,24.1
12/4/2022 13:29,24.94,25,25.39,24.19,24.13,24.1
12/4/2022 13:29,24.94,25,21.97,24.2,24.33,24.1
12/4/2022 13:30,25,25,21.97,24.23,24.13,24.1
12/4/2022 13:30,24.94,25,23.93,24.22,24.03,24.1
12/4/2022 13:30,25,25,22.95,24.21,24.13,24.1
12/4/2022 13:30,25,25,32.23,24.23,24.33,24.1
12/4/2022 13:30,24.94,25,41.02,24.35,24.23,24.1
12/4/2022 13:30,24.94,25,33.2,24.44,24.13,24.1
12/4/2022 13:31,24.94,25,36.13,24.48,24.13,24.1
12/4/2022 13:31,24.94,25,21.97,24.57,24.53,24.2
12/4/2022 13:31,24.94,25,21,24.62,24.63,24.2
12/4/2022 13:31,24.94,25,22.46,24.69,24.63,24.2
12/4/2022 13:31,25,25,24.41,24.73,24.63,24.4
12/4/2022 13:32,24.94,25,37.6,24.76,24.53,24.4
12/4/2022 13:32,25,25,27.34,24.8,24.83,24.4
12/4/2022 13:32,25,25,21.97,24.83,24.63,24.4
12/4/2022 13:32,25.06,25,22.46,24.8,24.73,24.5
12/4/2022 13:32,25,25,24.41,24.73,24.73,24.5
12/4/2022 13:32,25,25,22.95,24.69,24.13,24.5
12/4/2022 13:33,25,25,25.88,24.64,24.33,24.6
12/4/2022 13:33,25,25,21.48,24.63,24.53,24.5
12/4/2022 13:33,25.06,25,21.97,24.62,24.73,24.5
12/4/2022 13:33,25,25,31.25,24.63,24.53,24.5
12/4/2022 13:33,25,25,21.48,24.63,24.33,24.5
12/4/2022 13:33,25,25,34.67,24.62,24.23,24.5
12/4/2022 13:34,25,25,25.39,24.62,24.33,24.5
12/4/2022 13:34,25,25,21.97,24.63,24.43,24.5
12/4/2022 13:34,25.06,25,44.92,24.59,24.43,24.4
12/4/2022 13:34,25,25,26.37,24.59,24.53,24.4
12/4/2022 13:34,25.06,25,29.79,24.6,24.73,24.4
12/4/2022 13:35,25,25,29.79,24.64,24.53,24.4
12/4/2022 13:35,25,25,38.57,24.65,24.53,24.4
12/4/2022 13:35,25,25,22.46,24.59,24.53,24.4
12/4/2022 13:35,25,25,32.23,24.58,24.73,24.4
12/4/2022 13:35,25,25,21.48,24.6,24.73,24.4
12/4/2022 13:35,25,25,45.41,24.58,24.73,24.4
12/4/2022 13:36,25,25,23.93,24.59,24.73,24.4
12/4/2022 13:36,25,25,46.39,24.64,24.63,24.4
12/4/2022 13:36,25,25,23.44,24.69,24.53,24.4
12/4/2022 13:36,25,25,36.13,24.7,24.53,24.4
12/4/2022 13:36,25,25,24.41,24.71,24.63,24.4
12/4/2022 13:36,25,25,44.43,24.74,24.73,24.4
12/4/2022 13:37,25,25,26.37,24.77,24.73,24.4
12/4/2022 13:37,25,25,32.71,24.77,24.63,24.4
12/4/2022 13:37,24.94,25,33.69,24.77,24.73,24.4
12/4/2022 13:37,24.94,25,21.48,24.76,24.93,24.4
12/4/2022 13:37,25,25,27.34,24.77,24.63,24.4
12/4/2022 13:38,24.94,25,37.11,24.76,24.53,24.4
12/4/2022 13:38,25,25,21.48,24.77,24.63,24.4
12/4/2022 13:38,25,25,39.06,24.8,24.73,24.3
12/4/2022 13:38,25,25,28.32,24.75,24.73,24.3
12/4/2022 13:38,25,25,22.46,24.76,24.73,24.3
12/4/2022 13:38,25,25,22.95,24.77,24.63,24.4
12/4/2022 13:39,25,25,34.67,24.87,24.63,24.4
12/4/2022 13:39,24.94,25,30.27,24.94,24.43,24.3
12/4/2022 13:39,25,25,25.88,25.01,24.63,24.4
12/4/2022 13:39,25,25,26.37,25.07,24.53,24.4
12/4/2022 13:39,25,25,44.92,25.13,24.63,24.5
12/4/2022 13:39,24.94,25,22.46,25.17,24.73,24.5
12/4/2022 13:40,25,25,33.2,25.19,24.43,24.6
12/4/2022 13:40,25,26,22.95,25.21,24.63,24.6
12/4/2022 13:40,25,26,22.46,25.22,24.53,24.6
12/4/2022 13:40,25,26,39.06,25.24,24.53,24.7
12/4/2022 13:40,25.06,26,44.92,25.27,24.43,24.7
12/4/2022 13:41,25,26,44.43,25.28,24.43,24.7
12/4/2022 13:41,25.06,26,22.95,25.29,24.43,24.7
12/4/2022 13:41,25.06,26,37.11,25.33,24.53,24.7
12/4/2022 13:41,25.06,26,25.88,25.34,24.63,24.8
12/4/2022 13:41,25.06,26,36.13,25.37,24.73,24.8
12/4/2022 13:41,25.06,26,22.95,25.39,24.73,24.8
12/4/2022 13:42,25.06,26,24.9,25.38,24.53,24.8
12/4/2022 13:42,25.12,26,34.67,25.4,24.53,24.9
12/4/2022 13:42,25.12,26,26.37,25.4,24.63,24.9
12/4/2022 13:42,25.12,26,24.9,25.44,24.53,24.9
12/4/2022 13:42,25.12,26,22.46,25.46,24.63,24.9
12/4/2022 13:42,25.12,26,46.39,25.46,24.63,24.9
12/4/2022 13:43,25.12,26,22.46,25.47,24.73,24.9
12/4/2022 13:43,25.12,26,22.46,25.46,24.63,24.9
12/4/2022 13:43,25.12,26,35.64,25.47,24.43,25
12/4/2022 13:43,25.19,26,22.46,25.5,24.53,25
12/4/2022 13:43,25.19,26,25.39,25.5,24.63,25
12/4/2022 13:44,25.19,26,23.93,25.53,24.73,25
12/4/2022 13:44,25.19,26,25.88,25.52,24.73,25
12/4/2022 13:44,25.19,26,33.69,25.47,24.63,25
12/4/2022 13:44,25.19,26,22.46,25.44,24.53,25
12/4/2022 13:44,25.19,26,22.46,25.43,24.53,25
12/4/2022 13:44,25.25,25,22.95,25.43,24.73,25
12/4/2022 13:45,25.19,25,30.27,25.35,24.83,25
12/4/2022 13:45,25.19,25,34.67,25.33,24.73,25
12/4/2022 13:45,25.25,25,23.44,25.25,24.63,25
12/4/2022 13:45,25.25,25,22.46,25.28,24.73,24.9
12/4/2022 13:45,25.25,25,43.95,25.29,24.73,24.9
12/4/2022 13:45,25.19,25,23.44,25.32,24.83,24.9
12/4/2022 13:46,25.19,25,26.37,25.32,24.83,24.9
12/4/2022 13:46,25.19,25,22.46,25.29,24.93,24.9
12/4/2022 13:46,25.25,25,22.95,25.28,24.73,24.9
12/4/2022 13:46,25.25,25,22.46,25.25,24.83,24.8
12/4/2022 13:46,25.25,25,32.71,25.25,24.83,24.8
12/4/2022 13:47,25.25,25,24.41,25.2,24.73,24.8
12/4/2022 13:47,25.25,25,33.69,25.21,24.83,24.8
12/4/2022 13:47,25.25,25,22.46,25.2,24.73,24.8
12/4/2022 13:47,25.25,25,22.46,25.24,24.83,24.8
12/4/2022 13:47,25.25,25,26.37,25.26,24.73,24.8
12/4/2022 13:47,25.25,25,22.46,25.26,24.63,24.8
12/4/2022 13:48,25.25,25,41.02,25.27,24.83,24.8
12/4/2022 13:48,25.25,25,23.44,25.28,24.63,24.8
12/4/2022 13:48,25.25,25,22.95,25.26,24.83,24.8
12/4/2022 13:48,25.31,25,22.46,25.34,24.83,24.8
12/4/2022 13:48,25.25,25,25.88,25.44,24.73,24.8
12/4/2022 13:48,25.31,25,34.67,25.5,24.83,24.8
12/4/2022 13:49,25.31,25,44.43,25.53,24.73,24.8
12/4/2022 13:49,25.31,25,31.25,25.58,24.83,24.9
12/4/2022 13:49,25.37,26,42.48,25.58,24.73,24.9
12/4/2022 13:49,25.37,26,22.95,25.6,24.73,25
12/4/2022 13:49,25.31,26,25.39,25.6,24.73,25
12/4/2022 13:50,25.37,26,41.02,25.61,24.73,25
12/4/2022 13:50,25.37,26,36.13,25.6,24.63,25
12/4/2022 13:50,25.44,26,36.62,25.62,24.73,25.1
12/4/2022 13:50,25.37,26,22.95,25.63,24.63,25.1
12/4/2022 13:50,25.37,26,22.46,25.64,24.73,25.1
12/4/2022 13:50,25.37,26,42.48,25.64,24.53,25.1
12/4/2022 13:51,25.44,26,28.32,25.66,24.63,25.1
12/4/2022 13:51,25.44,26,33.69,25.66,24.63,25.1
12/4/2022 13:51,25.44,26,23.44,25.67,24.63,25.2
12/4/2022 13:51,25.44,26,23.44,25.69,24.63,25.2
12/4/2022 13:51,25.5,26,25.88,25.7,24.73,25.2
12/4/2022 13:51,25.44,26,22.95,25.69,24.63,25.2
12/4/2022 13:52,25.44,26,31.25,25.69,24.63,25.2
12/4/2022 13:52,25.44,26,24.9,25.69,24.63,25.2
12/4/2022 13:52,25.44,26,22.46,25.67,24.53,25.2
12/4/2022 13:52,25.44,26,22.95,25.66,24.53,25.2
12/4/2022 13:52,25.5,26,41.5,25.63,24.53,25.2
12/4/2022 13:53,25.44,26,34.67,25.6,24.63,25.2
12/4/2022 13:53,25.44,26,27.34,25.58,24.83,25.2
12/4/2022 13:53,25.5,26,27.34,25.55,24.73,25.2
12/4/2022 13:53,25.5,26,26.86,25.56,24.73,25.2
12/4/2022 13:53,25.44,26,24.41,25.53,24.63,25.2
12/4/2022 13:53,25.5,26,25.39,25.54,24.53,25.2
12/4/2022 13:54,25.44,26,43.46,25.56,24.73,25.2
12/4/2022 13:54,25.5,26,24.41,25.55,24.63,25.2
12/4/2022 13:54,25.5,26,25.39,25.56,24.63,25.2
12/4/2022 13:54,25.5,26,24.9,25.57,24.83,25.2
12/4/2022 13:54,25.5,26,43.95,25.55,24.73,25.2
12/4/2022 13:54,25.5,26,39.06,25.56,24.63,25.2
12/4/2022 13:55,25.5,26,24.41,25.5,24.63,25.2
12/4/2022 13:55,25.5,26,39.55,25.47,24.43,25.2
12/4/2022 13:55,25.5,26,43.95,25.46,24.43,25.2
12/4/2022 13:55,25.5,26,34.67,25.44,24.43,25.1
12/4/2022 13:55,25.5,26,25.88,25.44,24.33,25.1
12/4/2022 13:56,25.44,26,23.93,25.42,24.43,25.1
12/4/2022 13:56,25.44,26,37.11,25.41,24.43,25
12/4/2022 13:56,25.44,26,25.39,25.42,24.63,25
12/4/2022 13:56,25.44,25,35.16,25.41,24.63,25
12/4/2022 13:56,25.44,25,25.39,25.38,24.63,25
12/4/2022 13:56,25.44,25,22.95,25.38,24.63,25
12/4/2022 13:57,25.44,25,22.95,25.38,24.53,25
12/4/2022 13:57,25.44,25,43.46,25.38,24.53,25
12/4/2022 13:57,25.56,25,23.44,25.39,24.53,24.9
12/4/2022 13:57,25.5,25,23.93,25.38,24.73,24.9
12/4/2022 13:57,25.5,25,25.39,25.35,24.53,24.9
12/4/2022 13:57,25.5,25,25.39,25.34,24.53,24.9
12/4/2022 13:58,25.5,25,24.41,25.35,24.43,24.9
12/4/2022 13:58,25.5,25,45.41,25.38,24.43,24.9
12/4/2022 13:58,25.44,25,33.2,25.44,24.53,24.9
12/4/2022 13:58,25.44,25,27.34,25.48,24.43,24.9
12/4/2022 13:58,25.44,25,22.46,25.49,24.13,24.9
12/4/2022 13:59,25.37,25,45.41,25.5,24.43,24.9
12/4/2022 13:59,25.44,25,28.32,25.52,24.53,24.9
12/4/2022 13:59,25.37,26,25.88,25.53,24.63,24.9
12/4/2022 13:59,25.44,26,22.95,25.56,24.53,24.9
12/4/2022 13:59,25.37,25,32.71,25.56,24.43,24.9
12/4/2022 13:59,25.37,25,32.23,25.56,24.23,24.9
12/4/2022 14:00,25.37,25,22.46,25.56,24.43,24.9
12/4/2022 14:00,25.37,25,37.11,25.6,24.63,24.9
12/4/2022 14:00,25.37,25,22.46,25.61,24.63,24.9
12/4/2022 14:00,25.37,25,34.18,25.6,24.53,24.9
12/4/2022 14:00,25.37,25,45.41,25.6,24.43,24.9
12/4/2022 14:00,25.37,25,41.5,25.61,24.43,24.9
12/4/2022 14:01,25.37,25,24.41,25.62,24.33,24.9
12/4/2022 14:01,25.31,25,25.39,25.66,24.53,24.9
12/4/2022 14:01,25.37,25,29.3,25.66,24.53,24.9
12/4/2022 14:01,25.37,25,40.04,25.65,24.53,24.9
12/4/2022 14:01,25.37,25,26.37,25.66,24.43,24.9
12/4/2022 14:02,25.37,25,25.39,25.64,24.43,24.9
12/4/2022 14:02,25.31,25,26.37,25.64,24.43,24.9
12/4/2022 14:02,25.31,25,46.39,25.6,24.43,24.9
12/4/2022 14:02,25.31,25,26.86,25.61,24.43,24.9
12/4/2022 14:02,25.31,25,23.44,25.6,24.23,24.9
12/4/2022 14:02,25.37,25,26.86,25.61,24.33,24.9
12/4/2022 14:03,25.37,25,23.44,25.58,24.43,24.9
12/4/2022 14:03,25.31,25,26.86,25.6,24.23,24.9
12/4/2022 14:03,25.37,25,25.39,25.62,24.23,24.9
12/4/2022 14:03,25.31,26,35.64,25.66,24.33,24.9
12/4/2022 14:03,25.37,26,42.48,25.68,24.33,24.9
12/4/2022 14:03,25.37,26,45.41,25.67,24.13,24.9
12/4/2022 14:04,25.31,26,39.06,25.68,24.13,24.9
12/4/2022 14:04,25.31,26,37.11,25.66,24.43,24.9
12/4/2022 14:04,25.31,26,25.88,25.66,24.33,24.9
12/4/2022 14:04,25.31,26,22.95,25.64,24.23,24.9
12/4/2022 14:04,25.37,26,35.64,25.66,24.23,24.9
12/4/2022 14:05,25.31,26,26.86,25.66,24.33,24.9
12/4/2022 14:05,25.37,26,43.95,25.66,24.43,24.9
12/4/2022 14:05,25.37,26,34.18,25.63,24.43,24.9
12/4/2022 14:05,25.31,26,22.95,25.63,24.03,24.9
12/4/2022 14:05,25.31,26,22.46,25.61,24.23,24.9
12/4/2022 14:05,25.37,26,24.9,25.56,24.13,24.9
12/4/2022 14:06,25.37,26,23.44,25.55,23.93,24.9
12/4/2022 14:06,25.37,26,24.41,25.53,24.03,24.9
12/4/2022 14:06,25.37,26,23.93,25.55,24.23,24.9
12/4/2022 14:06,25.37,26,26.86,25.53,24.13,24.9
12/4/2022 14:06,25.37,26,31.25,25.53,24.33,24.9
12/4/2022 14:06,25.37,26,26.37,25.51,24.23,24.9
12/4/2022 14:07,25.37,26,26.86,25.48,24.43,24.9
12/4/2022 14:07,25.37,26,33.69,25.51,24.53,24.9
12/4/2022 14:07,25.37,26,27.34,25.51,24.53,24.9
12/4/2022 14:07,25.31,26,38.09,25.5,24.43,24.9
12/4/2022 14:07,25.44,26,28.32,25.48,24.33,24.8
12/4/2022 14:08,25.37,26,24.41,25.46,24.43,24.8
12/4/2022 14:08,25.37,26,22.95,25.47,24.53,24.8
12/4/2022 14:08,25.37,26,22.95,25.47,24.63,24.8
12/4/2022 14:08,25.37,26,23.93,25.49,24.43,24.8
12/4/2022 14:08,25.31,26,25.39,25.43,24.23,24.8
12/4/2022 14:08,25.37,26,25.88,25.41,24.03,24.8
12/4/2022 14:09,25.37,26,26.86,25.45,23.93,24.8
12/4/2022 14:09,25.37,26,29.3,25.51,24.33,24.8
12/4/2022 14:09,25.31,26,23.93,25.53,24.43,24.8
12/4/2022 14:09,25.37,26,24.41,25.57,24.33,24.8
12/4/2022 14:09,25.37,26,27.83,25.6,24.43,24.8
12/4/2022 14:09,25.37,26,26.86,25.63,24.23,24.8
12/4/2022 14:10,25.31,26,22.95,25.67,24.43,24.8
12/4/2022 14:10,25.37,26,23.44,25.66,24.23,24.8
12/4/2022 14:10,25.37,26,26.86,25.66,24.03,24.8
12/4/2022 14:10,25.31,26,33.69,25.58,23.83,24.8
12/4/2022 14:10,25.25,26,31.74,25.56,24.03,24.9
12/4/2022 14:10,25.31,26,36.62,25.56,24.13,24.8
12/4/2022 14:11,25.31,26,38.09,25.56,24.13,24.8
12/4/2022 14:11,25.25,26,22.95,25.49,24.03,24.8
12/4/2022 14:11,25.31,26,23.44,25.5,24.23,24.8
12/4/2022 14:11,25.25,26,28.32,25.51,24.23,24.9
12/4/2022 14:11,25.31,26,27.34,25.51,24.43,24.8
12/4/2022 14:12,25.25,26,24.41,25.5,24.73,24.8
12/4/2022 14:12,25.31,26,34.67,25.47,24.63,24.8
12/4/2022 14:12,25.31,26,26.86,25.44,24.53,24.9
12/4/2022 14:12,25.31,26,23.93,25.44,24.43,24.8
12/4/2022 14:12,25.31,26,27.34,25.43,24.53,24.8
12/4/2022 14:12,25.31,26,24.9,25.42,24.53,24.8
12/4/2022 14:13,25.31,26,24.9,25.45,24.53,24.8
12/4/2022 14:13,25.37,26,32.71,25.41,24.53,24.8
12/4/2022 14:13,25.37,26,43.46,25.43,24.53,24.9
12/4/2022 14:13,25.37,26,22.95,25.44,24.53,24.9
12/4/2022 14:13,25.37,26,27.34,25.45,24.53,24.8
12/4/2022 14:13,25.37,26,22.95,25.46,24.73,24.9
12/4/2022 14:14,25.37,26,22.95,25.46,24.53,24.9
12/4/2022 14:14,25.37,26,44.92,25.46,24.43,24.9
12/4/2022 14:14,25.37,26,34.18,25.44,24.53,24.9
12/4/2022 14:14,25.37,26,25.88,25.41,24.43,24.9
12/4/2022 14:14,25.37,26,25.39,25.38,24.33,24.9
12/4/2022 14:15,25.37,26,31.25,25.38,24.13,24.9
12/4/2022 14:15,25.37,26,27.83,25.37,24.33,24.9
12/4/2022 14:15,25.37,26,43.95,25.36,24.63,24.9
12/4/2022 14:15,25.37,26,25.39,25.37,24.43,24.9
12/4/2022 14:15,25.37,26,23.93,25.35,24.43,24.9
12/4/2022 14:15,25.31,26,23.44,25.32,24.33,24.9
12/4/2022 14:16,25.37,25,36.62,25.29,24.43,24.9
12/4/2022 14:16,25.37,25,23.44,25.31,24.43,24.9
12/4/2022 14:16,25.37,25,24.9,25.31,24.33,24.8
12/4/2022 14:16,25.37,25,23.44,25.27,24.43,24.8
12/4/2022 14:16,25.37,25,25.88,25.3,24.43,24.8
12/4/2022 14:16,25.37,25,27.34,25.28,24.53,24.8
12/4/2022 14:17,25.37,25,23.44,25.25,24.53,24.8
12/4/2022 14:17,25.37,25,25.88,25.28,24.53,24.8
12/4/2022 14:17,25.37,25,22.95,25.29,24.33,24.8
12/4/2022 14:17,25.37,25,24.41,25.28,24.43,24.8
12/4/2022 14:17,25.31,25,41.99,25.28,24.43,24.8
12/4/2022 14:18,25.31,25,29.3,25.28,24.53,24.8
12/4/2022 14:18,25.37,25,22.95,25.28,24.43,24.8
12/4/2022 14:18,25.31,25,22.46,25.26,24.43,24.8
12/4/2022 14:18,25.31,26,46.39,25.25,24.33,24.8
12/4/2022 14:18,25.31,26,43.95,25.25,24.33,24.8
12/4/2022 14:18,25.31,26,22.95,25.23,24.33,24.8
12/4/2022 14:19,25.31,26,22.46,25.26,24.53,24.8
12/4/2022 14:19,25.31,26,39.55,25.27,24.03,24.8
12/4/2022 14:19,25.31,26,30.27,25.28,24.13,24.8
12/4/2022 14:19,25.31,25,33.2,25.32,24.33,24.8
12/4/2022 14:19,25.31,25,24.41,25.31,24.43,24.8
12/4/2022 14:19,25.31,25,38.57,25.27,24.33,24.8
12/4/2022 14:20,25.31,25,45.9,25.26,24.53,24.8
12/4/2022 14:20,25.25,26,43.46,25.22,24.33,24.8
12/4/2022 14:20,25.31,26,38.09,25.29,24.23,24.8
12/4/2022 14:20,25.25,26,39.55,25.38,24.33,24.8
12/4/2022 14:20,25.25,26,27.34,25.4,24.33,24.8
12/4/2022 14:21,25.25,26,22.95,25.43,24.33,24.8
12/4/2022 14:21,25.25,25,37.6,25.43,24.23,24.8
12/4/2022 14:21,25.25,25,22.46,25.44,24.13,24.9
12/4/2022 14:21,25.31,25,31.74,25.47,24.53,24.9
12/4/2022 14:21,25.25,25,24.41,25.44,24.33,24.9
12/4/2022 14:21,25.31,25,43.95,25.37,24.03,24.9
12/4/2022 14:22,25.25,25,30.76,25.35,24.03,24.9
12/4/2022 14:22,25.25,25,26.86,25.38,24.33,24.9
12/4/2022 14:22,25.25,25,23.44,25.38,24.33,24.9
12/4/2022 14:22,25.25,25,30.76,25.37,24.23,24.9
12/4/2022 14:22,25.25,25,34.67,25.34,24.43,24.9
12/4/2022 14:22,25.31,25,44.92,25.32,24.33,24.9
12/4/2022 14:23,25.31,25,29.3,25.29,24.23,24.9
12/4/2022 14:23,25.25,25,25.39,25.28,24.13,24.9
12/4/2022 14:23,25.25,25,23.93,25.26,24.33,24.9
12/4/2022 14:23,25.31,25,24.9,25.29,24.13,24.9
12/4/2022 14:23,25.25,25,23.93,25.29,24.33,24.9
12/4/2022 14:24,25.25,25,28.32,25.31,24.13,24.8
12/4/2022 14:24,25.25,25,22.95,25.29,24.43,24.8
12/4/2022 14:24,25.25,25,33.2,25.28,24.53,24.8
12/4/2022 14:24,25.31,25,22.95,25.26,24.43,24.8
12/4/2022 14:24,25.25,26,25.39,25.23,24.33,24.8
12/4/2022 14:24,25.25,26,22.95,25.23,24.43,24.8
12/4/2022 14:25,25.25,26,35.16,25.23,24.03,24.8
12/4/2022 14:25,25.25,26,23.93,25.23,24.33,24.8
12/4/2022 14:25,25.19,26,36.13,25.21,24.13,24.8
12/4/2022 14:25,25.19,26,22.46,25.22,24.13,24.8
12/4/2022 14:25,25.19,26,22.46,25.25,24.13,24.8
12/4/2022 14:25,25.19,25,23.93,25.28,24.63,24.8
12/4/2022 14:26,25.19,25,25.39,25.23,24.53,24.8
12/4/2022 14:26,25.25,25,41.5,25.2,24.53,24.8
12/4/2022 14:26,25.19,25,31.74,25.18,24.43,24.8
12/4/2022 14:26,25.25,25,43.46,25.18,24.23,24.8
12/4/2022 14:26,25.25,25,25.39,25.17,24.03,24.8
12/4/2022 14:27,25.25,25,22.95,25.18,24.03,24.8
12/4/2022 14:27,25.25,25,25.39,25.17,23.73,24.8
12/4/2022 14:27,25.25,25,26.37,25.15,24.03,24.8
12/4/2022 14:27,25.25,25,25.39,25.16,24.53,24.8
12/4/2022 14:27,25.25,25,42.97,25.18,24.43,24.8
12/4/2022 14:27,25.25,25,28.81,25.18,24.13,24.8
12/4/2022 14:28,25.25,25,27.34,25.21,24.43,24.8
12/4/2022 14:28,25.25,25,30.27,25.21,24.53,24.8
12/4/2022 14:28,25.25,25,24.41,25.18,24.53,24.8
12/4/2022 14:28,25.25,25,29.3,25.19,24.33,24.8
12/4/2022 14:28,25.25,25,42.48,25.18,24.13,24.8
12/4/2022 14:28,25.31,25,33.2,25.23,24.63,24.8
12/4/2022 14:29,25.31,25,22.95,25.21,24.63,24.8
12/4/2022 14:29,25.31,25,22.95,25.17,24.73,24.8
12/4/2022 14:29,25.31,25,36.62,25.15,24.73,24.9
12/4/2022 14:29,25.31,25,26.37,25.15,24.83,24.9
12/4/2022 14:29,25.31,25,41.99,25.18,24.63,24.9
12/4/2022 14:30,25.31,25,22.46,25.22,24.73,24.8
12/4/2022 14:30,25.37,25,22.95,25.19,24.53,24.9
12/4/2022 14:30,25.31,25,43.46,25.21,24.63,24.8
12/4/2022 14:30,25.37,25,37.6,25.23,24.33,24.9
12/4/2022 14:30,25.37,25,22.95,25.22,24.43,24.8
12/4/2022 14:30,25.31,25,41.5,25.21,24.63,24.9
12/4/2022 14:31,25.37,25,22.46,25.19,24.63,24.9
12/4/2022 14:31,25.31,25,26.86,25.2,24.93,24.9
12/4/2022 14:31,25.37,25,42.97,25.21,24.83,24.9
12/4/2022 14:31,25.44,25,23.93,25.22,24.63,24.9
12/4/2022 14:31,25.37,25,30.76,25.2,24.43,24.9
12/4/2022 14:31,25.37,25,24.41,25.2,24.43,24.9
12/4/2022 14:32,25.44,25,27.34,25.22,24.73,24.9
12/4/2022 14:32,25.44,25,25.39,25.28,24.63,24.9
12/4/2022 14:32,25.44,25,23.44,25.33,25.23,24.9
12/4/2022 14:32,25.44,25,27.34,25.35,24.73,24.9
12/4/2022 14:32,25.5,26,27.34,25.36,24.73,25
12/4/2022 14:33,25.5,26,24.9,25.34,24.53,25
12/4/2022 14:33,25.5,26,29.3,25.31,24.33,25
12/4/2022 14:33,25.56,26,28.32,25.31,24.53,25
12/4/2022 14:33,25.56,26,24.9,25.35,24.73,25
12/4/2022 14:33,25.56,26,37.11,25.33,24.63,25
12/4/2022 14:33,25.56,26,35.16,25.43,24.63,25
12/4/2022 14:34,25.56,26,21.97,25.46,24.73,25
12/4/2022 14:34,25.56,26,22.95,25.47,24.73,25.1
12/4/2022 14:34,25.62,26,26.37,25.52,24.63,25
12/4/2022 14:34,25.62,26,46.88,25.49,24.83,25.1
12/4/2022 14:34,25.69,26,45.41,25.46,25.64,25.1
12/4/2022 14:34,25.75,26,26.86,25.45,25.33,25.1
12/4/2022 14:35,26.25,26,23.44,25.48,24.83,25.1
12/4/2022 14:35,26.69,26,27.83,25.44,24.53,25.2
12/4/2022 14:35,27.06,26,34.67,25.44,24.63,25.2
12/4/2022 14:35,27.37,26,23.44,25.5,24.83,25.2
12/4/2022 14:35,27.56,26,42.97,25.55,24.73,25.2
12/4/2022 14:36,27.81,26,39.55,25.56,24.83,25.2
12/4/2022 14:36,28.06,26,23.44,25.56,24.93,25.2
12/4/2022 14:36,28.19,27,24.41,25.56,25.13,25.2
12/4/2022 14:36,28.37,27,40.53,25.56,25.03,25.2
12/4/2022 14:36,28.62,27,29.79,25.72,-79.56,25.3
12/4/2022 14:36,28.37,27,29.79,25.68,-79.56,25.3
12/4/2022 14:37,28.31,27,29.79,25.69,-79.56,25.3
12/4/2022 14:37,28.56,27,29.79,25.7,-79.56,25.3
12/4/2022 14:37,28.81,27,29.79,25.75,-79.56,25.3
12/4/2022 14:37,29.06,27,29.79,25.78,-79.56,25.3
12/4/2022 14:37,29.31,27,29.79,25.79,-76.42,25.3
12/4/2022 14:37,29.5,28,29.79,25.8,-76.42,25.3
12/4/2022 14:38,29.75,28,29.79,25.75,-76.42,25.4
12/4/2022 14:38,30.06,28,30.27,25.73,-76.42,25.3
12/4/2022 14:38,30.44,28,29.79,25.72,-76.42,25.4
12/4/2022 14:38,31,28,29.79,25.67,-76.42,25.4
12/4/2022 14:38,31.62,28,29.79,25.68,-76.42,25.4
12/4/2022 14:39,32.38,28,30.27,25.7,-76.42,25.3
12/4/2022 14:39,33.13,28,30.27,25.72,-76.42,25.3
12/4/2022 14:39,34,28,29.79,25.7,-73.81,25.4
12/4/2022 14:39,34.94,28,30.27,25.67,-73.81,25.3
12/4/2022 14:39,35.88,28,30.27,25.67,-73.81,25.3
12/4/2022 14:39,36.69,28,30.27,25.72,-73.81,25.3
12/4/2022 14:40,37.56,28,30.27,25.7,-73.81,25.3
12/4/2022 14:40,38.31,28,30.27,25.7,-73.81,25.3
12/4/2022 14:40,39.06,28,30.27,25.73,-73.81,25.4
12/4/2022 14:40,39.75,28,30.27,25.75,-73.81,25.3
12/4/2022 14:40,40.38,28,30.27,25.79,-73.81,25.4
12/4/2022 14:40,41.06,28,30.76,25.78,-73.81,25.4
12/4/2022 14:41,41.69,28,30.76,25.84,-73.81,25.4
12/4/2022 14:41,42.38,28,30.76,25.84,-73.81,25.4
12/4/2022 14:41,43,28,30.27,25.78,-73.81,25.4
12/4/2022 14:41,43.63,28,30.27,25.72,-73.81,25.4
12/4/2022 14:41,44.25,28,30.76,25.73,-73.81,25.5
12/4/2022 14:42,44.88,28,30.76,25.75,-73.81,25.5
12/4/2022 14:42,45.44,28,30.27,25.76,-73.81,25.4
12/4/2022 14:42,45.88,28,30.76,25.75,-73.81,25.5
12/4/2022 14:42,46.44,28,30.76,25.77,-73.81,25.5
12/4/2022 14:42,46.88,28,30.76,25.79,-73.81,25.5
12/4/2022 14:42,47.38,28,30.27,25.76,-73.81,25.5
12/4/2022 14:43,47.75,28,30.27,25.79,-73.81,25.5
12/4/2022 14:43,48,28,30.27,25.8,-73.81,25.5
12/4/2022 14:43,48.25,28,30.76,25.87,-73.81,25.5
12/4/2022 14:43,48.44,28,30.76,26.02,-73.81,25.5
12/4/2022 14:43,48.56,28,30.76,26.23,-76.42,25.5
12/4/2022 14:43,48.63,28,30.76,26.63,-73.81,25.5
12/4/2022 14:44,48.75,28,30.76,26.61,-73.81,25.5
12/4/2022 14:44,48.75,28,30.76,26.65,-73.81,25.6
12/4/2022 14:44,48.81,28,30.76,26.54,-73.81,25.6
12/4/2022 14:44,48.88,28,30.76,26.63,-73.81,25.6
12/4/2022 14:44,48.94,28,30.76,26.72,-73.81,25.6
12/4/2022 14:45,49,29,28.32,27.28,26.85,25.7
12/4/2022 14:45,49.06,29,31.25,27.48,-73.81,25.8
12/4/2022 14:45,49.19,29,25.88,27.55,26.14,25.9
12/4/2022 14:45,49.31,29,25.88,27.61,26.04,26
12/4/2022 14:45,49.38,29,27.34,27.61,26.04,26
12/4/2022 14:45,49.5,29,27.34,27.69,25.94,26
12/4/2022 14:46,49.56,29,27.83,27.87,26.04,26.1
12/4/2022 14:46,49.69,29,32.23,28.02,26.04,26.1
12/4/2022 14:46,49.75,29,31.74,28.17,26.04,26.2
12/4/2022 14:46,49.94,30,45.41,28.21,25.84,26.3
12/4/2022 14:46,50,30,28.32,28.29,25.94,26.5
12/4/2022 14:46,50.13,30,31.74,28.33,26.14,26.6
12/4/2022 14:47,50.19,30,27.34,28.32,26.14,26.7
12/4/2022 14:47,50.31,30,26.37,28.48,25.84,26.8
12/4/2022 14:47,50.38,30,42.97,28.49,26.04,26.9
12/4/2022 14:47,50.5,30,30.27,28.57,26.04,26.9
12/4/2022 14:47,50.56,30,28.81,28.65,26.04,27
12/4/2022 14:48,50.63,30,29.79,28.7,25.94,27.1
12/4/2022 14:48,50.75,30,29.3,28.77,25.84,27.1
12/4/2022 14:48,50.81,30,35.16,28.8,25.94,27.2
12/4/2022 14:48,50.94,30,49.32,28.75,26.55,27.3
12/4/2022 14:48,51,30,45.41,28.65,26.24,27.3
12/4/2022 14:48,51.19,30,31.25,28.7,26.24,27.4
12/4/2022 14:49,51.25,30,27.83,28.75,26.24,27.4
12/4/2022 14:49,51.38,30,26.86,28.84,26.04,27.4
12/4/2022 14:49,51.5,30,35.64,28.82,26.04,27.4
12/4/2022 14:49,51.63,30,25.88,28.82,26.45,27.4
12/4/2022 14:49,51.69,30,26.37,28.91,26.34,27.4
12/4/2022 14:49,51.81,30,25.88,29.01,26.34,27.5
12/4/2022 14:50,51.88,30,37.6,29.04,26.45,27.5
12/4/2022 14:50,52,30,26.37,29.07,26.45,27.5
12/4/2022 14:50,52,30,41.5,29.07,26.55,27.6
12/4/2022 14:50,52.06,30,26.37,29.03,26.34,27.6
12/4/2022 14:50,52.19,31,26.86,29.12,26.24,27.6
12/4/2022 14:51,52.31,31,37.11,29.2,26.34,27.7
12/4/2022 14:51,52.31,31,27.34,29.21,26.34,27.7
12/4/2022 14:51,52.44,31,26.86,29.15,26.55,27.7
12/4/2022 14:51,52.38,31,26.86,29.26,26.75,27.7
12/4/2022 14:51,52.31,31,28.32,29.28,26.65,27.7
12/4/2022 14:51,52.31,31,30.76,29.25,26.75,27.8
12/4/2022 14:52,52.19,31,31.25,29.2,26.55,27.8
12/4/2022 14:52,52.13,31,26.37,29.25,26.24,27.8
12/4/2022 14:52,51.94,31,28.32,29.33,26.55,27.8
12/4/2022 14:52,51.88,31,31.74,29.42,26.75,27.8
12/4/2022 14:52,51.81,31,42.97,29.35,26.34,27.9
12/4/2022 14:52,51.69,31,37.11,29.34,26.45,27.9
12/4/2022 14:53,51.56,31,43.46,29.3,26.24,27.9
12/4/2022 14:53,51.31,31,32.71,29.4,26.45,27.9
12/4/2022 14:53,51.25,31,42.97,29.49,26.34,27.8
12/4/2022 14:53,51.13,31,27.34,29.59,26.55,27.8
12/4/2022 14:53,51.06,31,31.25,29.69,26.45,27.9
12/4/2022 14:54,50.88,31,46.39,29.73,26.65,27.9
12/4/2022 14:54,50.81,31,27.83,29.87,26.24,28
12/4/2022 14:54,50.69,31,27.34,29.78,26.24,28
12/4/2022 14:54,50.5,31,30.27,29.82,26.55,28.1
12/4/2022 14:54,50.5,31,48.34,29.92,26.55,28.1
12/4/2022 14:54,50.56,31,47.85,29.93,26.65,28.1
12/4/2022 14:55,50.5,31,27.34,29.91,26.65,28.1
12/4/2022 14:55,50.44,31,37.6,30.07,26.75,28.1
12/4/2022 14:55,50.31,31,41.02,30.02,26.45,28.1
12/4/2022 14:55,50.25,31,32.23,30.08,26.24,28.2
12/4/2022 14:55,50.13,31,31.25,30.13,26.55,28.2
12/4/2022 14:55,49.94,31,28.81,30.17,26.34,28.3
12/4/2022 14:56,49.81,31,28.81,30.18,26.45,28.3
12/4/2022 14:56,49.69,31,31.74,30.21,26.45,28.3
12/4/2022 14:56,49.44,32,29.79,30.22,26.14,28.4
12/4/2022 14:56,49.31,32,36.62,30.18,26.24,28.4
12/4/2022 14:56,49.06,32,28.81,30.11,26.24,28.5
12/4/2022 14:57,44.69,32,31.25,29.98,26.75,28.5
12/4/2022 14:57,51.06,32,28.81,30.07,27.16,28.5
12/4/2022 14:57,57.63,32,41.02,30.04,26.85,28.5
12/4/2022 14:57,48.75,31,38.57,30.15,26.34,28.5
12/4/2022 14:57,52.81,31,43.95,30.17,26.45,28.5
12/4/2022 14:57,56.25,31,34.67,30.13,26.65,28.5
12/4/2022 14:58,56.38,31,27.83,30.07,26.55,28.5
12/4/2022 14:58,57.5,31,32.23,30.13,26.45,28.5
12/4/2022 14:58,62.13,31,28.81,30.24,26.65,28.5
12/4/2022 14:58,63.38,31,31.74,30.28,26.45,28.5
12/4/2022 14:58,59.38,31,29.3,30.27,26.34,28.6
12/4/2022 14:58,58.63,32,33.69,30.25,26.45,28.6
12/4/2022 14:59,60.63,32,44.92,30.28,26.45,28.6
12/4/2022 14:59,58.63,32,29.3,30.22,26.55,28.6
12/4/2022 14:59,66.37,32,29.3,30.32,26.55,28.7
12/4/2022 14:59,73.56,32,29.3,30.33,26.65,28.7
12/4/2022 14:59,80.69,31,33.69,30.22,26.65,28.8
12/4/2022 15:00,82.81,31,31.25,30.17,26.85,28.8
12/4/2022 15:00,86.31,31,32.71,30.15,26.85,28.7
12/4/2022 15:00,94.69,31,34.18,30.08,26.95,28.7
12/4/2022 15:00,81.5,31,33.2,30.03,26.95,28.7
12/4/2022 15:00,88,31,33.69,30.04,27.05,28.7
12/4/2022 15:00,89.87,31,31.25,30.07,26.95,28.6
12/4/2022 15:01,90.75,31,41.99,30.07,27.16,28.6
12/4/2022 15:01,89.94,31,29.79,30.03,26.95,28.6
12/4/2022 15:01,89.5,31,33.2,30.01,27.05,28.6
12/4/2022 15:01,90,31,33.69,29.94,27.56,28.6
12/4/2022 15:01,89.44,31,32.71,29.92,26.45,28.6
12/4/2022 15:01,78.81,31,30.76,29.89,26.85,28.6
12/4/2022 15:02,82.69,31,34.18,30.01,26.65,28.5
12/4/2022 15:02,81.31,31,49.8,30.01,26.75,28.5
12/4/2022 15:02,85.75,31,35.16,30.15,26.65,28.5
12/4/2022 15:02,88.06,31,32.23,30.21,26.45,28.6
12/4/2022 15:02,87.37,31,48.83,30.17,26.95,28.6
12/4/2022 15:03,89,31,31.74,30.09,26.75,28.7
12/4/2022 15:03,86.37,31,34.67,30.38,28.69,28.7
12/4/2022 15:03,81.12,31,35.64,30.17,27.77,28.8
12/4/2022 15:03,78.12,32,36.13,30.17,26.75,28.8
12/4/2022 15:03,80.12,32,36.13,30.15,26.95,28.8
12/4/2022 15:03,81.25,32,32.23,30.21,26.85,28.8
12/4/2022 15:04,79.44,32,35.64,30.27,26.45,28.8
12/4/2022 15:04,79.62,32,32.23,30.31,26.55,28.8
12/4/2022 15:04,82.75,32,32.71,30.32,27.16,28.9
12/4/2022 15:04,88.12,32,39.55,30.33,27.26,28.9
12/4/2022 15:04,88.69,32,31.74,30.3,27.05,28.9
12/4/2022 15:04,85.81,32,35.64,30.27,27.36,28.9
12/4/2022 15:05,86.81,32,37.11,30.23,26.95,28.9
12/4/2022 15:05,87.81,32,36.13,30.2,26.85,28.9
12/4/2022 15:05,84.94,32,40.04,30.22,27.56,28.9
12/4/2022 15:05,83.56,32,32.71,30.25,26.95,28.8
12/4/2022 15:05,85.44,32,42.48,30.23,27.46,28.8
12/4/2022 15:06,81,32,32.71,30.34,27.26,28.8
12/4/2022 15:06,82.62,32,30.76,30.28,26.75,28.8
12/4/2022 15:06,81.75,32,44.43,30.29,26.85,28.8
12/4/2022 15:06,83.81,32,33.69,30.26,27.16,28.9
12/4/2022 15:06,83.62,32,36.13,30.3,26.95,28.8
12/4/2022 15:06,80.81,32,46.39,30.31,26.85,28.9
12/4/2022 15:07,85,32,28.32,30.17,25.84,28.9
12/4/2022 15:07,82.12,32,34.18,30.33,26.24,28.9
12/4/2022 15:07,83.44,32,27.83,30.31,25.84,28.9
12/4/2022 15:07,92.44,32,30.27,30.41,25.74,28.9
12/4/2022 15:07,92.06,32,33.2,30.23,26.24,29
12/4/2022 15:07,92.62,32,32.71,30.22,26.55,28.9
12/4/2022 15:08,91.81,32,36.13,30.41,26.24,28.9
12/4/2022 15:08,91.69,32,28.32,30.44,26.04,29
12/4/2022 15:08,92.06,31,29.79,30.44,26.14,29
12/4/2022 15:08,91.56,31,30.27,30.37,26.34,29
12/4/2022 15:08,87.5,32,31.74,30.3,26.24,29.1
12/4/2022 15:09,86.75,32,39.55,30.41,26.24,29
12/4/2022 15:09,88,32,33.69,30.43,26.24,29.1
12/4/2022 15:09,91,32,31.25,30.39,26.45,29.1
12/4/2022 15:09,93.06,32,31.74,30.49,26.14,29.1
12/4/2022 15:09,90,32,33.69,30.45,26.34,29.1
12/4/2022 15:09,86.81,32,31.25,30.55,26.34,29.1
12/4/2022 15:10,89.31,32,30.76,30.56,26.04,29.2
12/4/2022 15:10,90.19,32,41.02,30.48,26.34,29.2
12/4/2022 15:10,88.56,32,28.32,30.39,26.14,29.2
12/4/2022 15:10,84.75,32,29.3,30.43,26.04,29.2
12/4/2022 15:10,80,32,27.83,30.47,26.14,29.2
12/4/2022 15:10,74.25,32,31.74,30.44,26.24,29.2
12/4/2022 15:11,70.31,32,28.32,30.38,26.45,29.2
12/4/2022 15:11,67.56,32,31.74,30.37,26.45,29.1
12/4/2022 15:11,65,32,32.23,30.37,26.55,29.1
12/4/2022 15:11,62.69,32,33.69,30.29,26.45,29.1
12/4/2022 15:11,60.69,32,27.34,30.28,26.14,29
12/4/2022 15:12,59.13,32,32.71,30.28,26.24,29
12/4/2022 15:12,57.63,32,34.67,30.32,26.34,29
12/4/2022 15:12,56.44,32,36.13,30.32,26.34,29
12/4/2022 15:12,55.31,32,27.83,30.37,26.24,28.9
12/4/2022 15:12,54.38,32,33.69,30.34,26.34,28.9
12/4/2022 15:12,53.56,32,30.27,30.37,26.14,28.9
12/4/2022 15:13,52.94,32,29.79,30.4,25.84,28.9
12/4/2022 15:13,52.38,32,28.32,30.44,25.94,28.9
12/4/2022 15:13,51.88,32,32.23,30.41,25.94,28.9
12/4/2022 15:13,51.44,32,33.69,30.39,25.94,29
12/4/2022 15:13,50.94,32,27.83,30.4,26.04,29
12/4/2022 15:13,50.5,32,27.83,30.38,25.94,29
12/4/2022 15:14,50.19,32,33.2,30.37,25.84,29
12/4/2022 15:14,49.88,32,28.32,30.39,26.04,29
12/4/2022 15:14,49.63,32,29.3,30.36,25.84,29
12/4/2022 15:14,49.31,32,27.83,30.29,25.94,29
12/4/2022 15:14,49.13,32,32.71,30.33,25.64,28.9
12/4/2022 15:15,48.94,32,28.32,30.38,25.64,28.9
12/4/2022 15:15,48.75,32,27.83,30.29,25.84,28.9
12/4/2022 15:15,48.63,32,37.6,30.32,26.14,28.9
12/4/2022 15:15,48.56,32,35.16,30.31,25.94,28.9
12/4/2022 15:15,48.44,32,33.69,30.35,25.64,28.9
12/4/2022 15:15,48.44,32,32.23,30.37,25.74,28.9
12/4/2022 15:16,48.31,32,32.71,30.35,25.84,28.9
12/4/2022 15:16,48.13,32,30.27,30.35,25.94,28.9
12/4/2022 15:16,48.06,32,39.06,30.34,25.84,28.9
12/4/2022 15:16,47.94,32,30.76,30.31,25.84,28.9
12/4/2022 15:16,47.81,32,32.71,30.29,25.84,28.9
12/4/2022 15:16,47.63,32,29.79,30.28,26.04,28.9
12/4/2022 15:17,47.5,32,40.04,30.32,26.85,28.9
12/4/2022 15:17,45.13,32,31.25,30.27,26.65,28.9
12/4/2022 15:17,43,32,31.74,30.22,26.45,28.8
12/4/2022 15:17,41.06,32,38.57,30.17,26.24,28.8
12/4/2022 15:17,40.75,32,32.23,30.19,25.33,28.8
12/4/2022 15:18,41.81,32,44.43,30.19,25.33,28.8
12/4/2022 15:18,43.13,32,30.76,30.04,25.03,28.7
12/4/2022 15:18,44.75,32,31.74,30.09,25.23,28.7
12/4/2022 15:18,46.38,32,28.81,30.11,25.13,28.6
12/4/2022 15:18,47.69,32,32.71,30.14,25.13,28.6
12/4/2022 15:18,48.88,32,31.25,30.07,25.44,28.6
12/4/2022 15:19,49.81,32,31.25,30.11,25.23,28.6
12/4/2022 15:19,50.63,32,30.76,30.14,25.13,28.6
12/4/2022 15:19,51.25,32,31.25,30.15,25.23,28.6
12/4/2022 15:19,52.06,32,31.25,30.09,25.33,28.6
12/4/2022 15:19,52.69,32,28.32,30.08,25.23,28.6
12/4/2022 15:19,53.13,32,34.18,30.19,25.44,28.6
12/4/2022 15:20,53.5,32,29.3,30.15,25.54,28.6
12/4/2022 15:20,53.75,32,29.79,30.22,25.13,28.7
12/4/2022 15:20,53.94,32,32.71,30.18,25.54,28.7
12/4/2022 15:20,54.19,32,31.25,30.17,25.54,28.7
12/4/2022 15:20,54.31,32,28.81,30.17,25.64,28.7
12/4/2022 15:21,54.5,32,28.32,30.15,25.54,28.7
12/4/2022 15:21,54.63,32,40.53,30.16,25.44,28.7
12/4/2022 15:21,54.69,32,29.3,30.17,25.74,28.7
12/4/2022 15:21,54.81,32,32.71,30.27,25.33,28.7
12/4/2022 15:21,55,32,29.3,30.22,25.44,28.7
12/4/2022 15:21,55.13,32,28.32,30.29,25.64,28.7
12/4/2022 15:22,55.25,32,31.74,30.32,25.74,28.7
12/4/2022 15:22,55.38,32,44.43,30.33,25.33,28.7
12/4/2022 15:22,55.44,32,44.92,30.42,25.33,28.8
12/4/2022 15:22,55.56,32,28.32,30.44,25.74,28.8
12/4/2022 15:22,55.63,32,28.81,30.41,25.44,28.9
12/4/2022 15:22,55.63,32,33.2,30.44,25.84,28.9
12/4/2022 15:23,55.56,32,40.53,30.48,25.94,28.9
12/4/2022 15:23,55.56,32,32.23,30.47,25.54,28.9
12/4/2022 15:23,55.44,32,33.69,30.52,25.54,29
12/4/2022 15:23,55.19,32,28.32,30.49,26.65,29
12/4/2022 15:23,55,32,46.39,30.46,26.34,29
12/4/2022 15:24,55.5,32,28.32,30.58,26.34,29
12/4/2022 15:24,55.81,32,30.76,30.55,26.34,29
12/4/2022 15:24,56.06,32,28.81,30.49,26.45,29
12/4/2022 15:24,56.31,32,29.79,30.41,26.34,29.1
12/4/2022 15:24,56.5,32,38.57,30.38,26.24,29
12/4/2022 15:24,56.56,32,28.81,30.27,25.94,29
12/4/2022 15:25,56.75,32,44.43,30.29,25.54,29
12/4/2022 15:25,56.88,32,34.18,30.38,25.64,29
12/4/2022 15:25,56.94,32,33.2,30.45,25.74,29
12/4/2022 15:25,56.94,32,45.9,30.37,25.54,29
12/4/2022 15:25,57.06,32,30.27,30.37,25.03,29
12/4/2022 15:25,57.25,32,31.74,30.32,25.23,29
12/4/2022 15:26,57.38,32,45.9,30.38,25.54,29
12/4/2022 15:26,57.5,32,28.81,30.38,25.64,29
12/4/2022 15:26,57.69,32,28.81,30.32,25.64,29
12/4/2022 15:26,57.88,32,30.76,30.33,25.64,29
12/4/2022 15:26,57.94,32,28.81,30.35,25.94,29
12/4/2022 15:27,58.13,32,40.53,30.27,26.14,29
12/4/2022 15:27,58.25,32,33.69,30.19,25.94,29
12/4/2022 15:27,58.44,32,31.25,30.18,25.84,28.9
12/4/2022 15:27,58.69,32,33.69,30.17,25.54,28.9
12/4/2022 15:27,58.94,32,33.2,30.18,25.84,28.9
12/4/2022 15:27,59.19,32,30.76,30.21,26.14,28.8
12/4/2022 15:28,59.5,32,45.41,30.23,26.14,28.8
12/4/2022 15:28,59.75,32,28.81,30.24,25.74,28.8
12/4/2022 15:28,59.94,32,33.2,30.27,25.84,28.8
12/4/2022 15:28,60.19,32,32.23,30.27,25.84,28.8
12/4/2022 15:28,60.38,32,29.3,30.22,25.84,28.8
12/4/2022 15:28,60.44,32,28.32,30.22,26.04,28.8
12/4/2022 15:29,60.38,32,31.74,30.19,25.94,28.8
12/4/2022 15:29,60.38,32,35.16,30.12,25.84,28.8
12/4/2022 15:29,60.31,32,28.32,30.17,26.04,28.8
12/4/2022 15:29,60.25,32,46.39,30.27,26.14,28.8
12/4/2022 15:29,60.06,32,28.32,30.31,25.84,28.8
12/4/2022 15:30,59.94,32,29.3,30.34,25.54,28.8
12/4/2022 15:30,59.81,32,43.46,30.37,25.64,28.9
12/4/2022 15:30,59.69,32,29.3,30.37,26.04,28.9
12/4/2022 15:30,59.56,32,29.3,30.34,26.04,28.9
12/4/2022 15:30,59.5,32,31.25,30.32,26.14,28.9
12/4/2022 15:30,59.38,32,33.69,30.28,25.94,29
12/4/2022 15:31,59.31,32,28.32,30.29,26.24,28.9
12/4/2022 15:31,59.25,32,46.39,30.25,25.94,28.9
12/4/2022 15:31,59.19,32,29.3,30.31,25.74,28.9
12/4/2022 15:31,59.06,32,30.27,30.41,25.64,28.9
12/4/2022 15:31,58.94,32,28.81,30.48,25.64,28.9
12/4/2022 15:31,58.88,32,36.62,30.51,25.64,29
12/4/2022 15:32,57.56,32,30.76,30.54,25.74,29.1
12/4/2022 15:32,54.94,32,30.27,30.44,25.94,29.1
12/4/2022 15:32,52.69,32,39.55,30.43,25.74,29.1
12/4/2022 15:32,50.81,32,36.13,30.46,25.94,29.1
12/4/2022 15:32,49.25,32,30.76,30.51,25.84,29.1
12/4/2022 15:33,48.06,32,33.69,30.52,25.74,29.1
12/4/2022 15:33,47.06,32,43.46,30.55,25.74,29.2
12/4/2022 15:33,46.31,32,37.6,30.53,25.84,29.2
12/4/2022 15:33,45.69,32,31.25,30.47,25.74,29.2
12/4/2022 15:33,45.25,32,30.76,30.39,25.74,29.2
12/4/2022 15:33,44.94,32,40.53,30.39,25.94,29.1
12/4/2022 15:34,44.69,32,29.3,30.47,25.94,29.1
12/4/2022 15:34,44.5,32,32.23,30.5,25.64,29.1
12/4/2022 15:34,44.44,32,37.11,30.54,25.74,29.1
12/4/2022 15:34,44.5,32,32.23,30.51,25.94,29.1
12/4/2022 15:34,44.5,32,33.69,30.53,26.04,29.1
12/4/2022 15:34,44.56,32,43.46,30.54,25.84,29.1
12/4/2022 15:35,44.69,32,32.23,30.56,25.74,29.1
12/4/2022 15:35,44.88,32,29.3,30.57,25.64,29.2
12/4/2022 15:35,45,32,39.06,30.56,25.64,29.2
12/4/2022 15:35,45.25,32,34.67,30.6,25.64,29.2
12/4/2022 15:35,45.38,32,33.2,30.55,25.54,29.2
12/4/2022 15:36,45.56,32,34.18,30.59,25.54,29.2
12/4/2022 15:36,45.69,32,41.5,30.59,25.54,29.3
12/4/2022 15:36,45.75,32,38.09,30.6,25.64,29.3
12/4/2022 15:36,45.81,32,31.25,30.59,25.84,29.3
12/4/2022 15:36,46,32,41.5,30.54,25.84,29.3
12/4/2022 15:36,46.06,32,42.97,30.53,25.94,29.3
12/4/2022 15:37,46.19,32,30.27,30.53,25.94,29.3
12/4/2022 15:37,46.31,32,35.64,30.56,25.84,29.3
12/4/2022 15:37,46.38,32,31.25,30.58,25.54,29.3
12/4/2022 15:37,46.38,32,29.3,30.58,25.94,29.3
12/4/2022 15:37,46.13,32,32.71,30.55,25.54,29.3
12/4/2022 15:37,44.44,32,30.27,30.32,25.74,29.3
12/4/2022 15:38,43.63,32,32.71,30.15,24.83,29.3
12/4/2022 15:38,44.25,32,31.74,30.13,24.13,29.2
12/4/2022 15:38,44.19,32,35.64,30.17,24.13,29.2
12/4/2022 15:38,44.31,32,35.64,30.13,24.63,29.2
12/4/2022 15:38,44.5,32,41.02,30.11,24.63,29.2
12/4/2022 15:39,44.75,32,33.2,30.09,24.53,29.2
12/4/2022 15:39,45,32,31.74,30.18,24.33,29.2
12/4/2022 15:39,45.13,32,33.2,30.22,24.53,29.3
12/4/2022 15:39,45.25,32,34.67,30.18,24.43,29.3
12/4/2022 15:39,45.38,32,32.71,30.08,24.53,29.3
12/4/2022 15:39,45.5,32,31.74,30.01,24.23,29.3
12/4/2022 15:40,45.63,32,37.11,29.93,24.33,29.3
12/4/2022 15:40,45.75,32,31.25,29.9,24.43,29.3
12/4/2022 15:40,45.94,32,34.67,29.88,24.33,29.2
12/4/2022 15:40,46,32,32.23,29.85,24.43,29.2
12/4/2022 15:40,46.13,32,45.9,29.94,24.23,29.1
12/4/2022 15:40,46.19,32,42.48,29.92,24.43,29.1
12/4/2022 15:41,46.31,32,33.2,29.86,24.33,29.1
12/4/2022 15:41,46.44,32,33.69,29.91,24.73,29.1
12/4/2022 15:41,46.5,32,32.23,29.9,24.53,29.1
12/4/2022 15:41,46.56,32,42.97,29.95,24.53,29.1
12/4/2022 15:41,46.69,32,32.23,29.98,24.63,29.1
12/4/2022 15:42,46.75,32,31.25,29.95,24.53,29.1
12/4/2022 15:42,46.81,32,31.74,29.92,24.33,29.2
12/4/2022 15:42,46.88,32,31.74,29.94,24.53,29.2
12/4/2022 15:42,46.88,32,41.99,29.91,24.53,29.2
12/4/2022 15:42,46.94,32,36.62,29.85,24.33,29.2
12/4/2022 15:42,46.88,32,41.02,29.8,24.33,29.2
12/4/2022 15:43,46.75,32,36.62,29.86,24.33,29.2
12/4/2022 15:43,46.69,32,32.23,29.87,24.73,29.2
12/4/2022 15:43,46.63,32,31.25,29.82,24.73,29.2
12/4/2022 15:43,46.5,32,36.13,29.8,24.63,29.2
12/4/2022 15:43,46.44,32,34.67,29.88,24.43,29.2
12/4/2022 15:43,46.31,32,32.71,29.89,24.53,29.2
12/4/2022 15:44,46.19,32,36.13,29.88,24.53,29.2
12/4/2022 15:44,46.06,32,37.11,29.91,24.43,29.2
12/4/2022 15:44,45.88,32,31.74,29.92,24.33,29.2
12/4/2022 15:44,45.75,32,35.16,29.91,24.33,29.2
12/4/2022 15:44,45.63,32,42.97,29.91,24.43,29.2
12/4/2022 15:45,45.5,32,43.95,29.91,24.43,29.2
12/4/2022 15:45,45.38,32,31.74,29.86,24.13,29.2
12/4/2022 15:45,45.19,32,36.62,29.82,24.13,29.2
12/4/2022 15:45,45.13,32,34.18,29.84,24.43,29.2
12/4/2022 15:45,45,32,32.23,29.91,24.03,29.2
12/4/2022 15:45,44.88,32,34.18,29.95,24.13,29.2
12/4/2022 15:46,44.81,32,44.92,29.98,24.43,29.3
12/4/2022 15:46,44.63,32,41.02,29.89,24.33,29.3
12/4/2022 15:46,44.5,32,35.16,29.83,24.23,29.2
12/4/2022 15:46,44.38,32,36.13,29.85,24.33,29.3
12/4/2022 15:46,44.31,32,38.57,29.84,24.23,29.3
12/4/2022 15:46,44.19,32,33.2,29.81,24.13,29.2
12/4/2022 15:47,44.06,32,34.67,29.86,24.13,29.2
12/4/2022 15:47,44,32,34.67,29.84,24.33,29.2
12/4/2022 15:47,43.88,32,38.09,29.82,24.43,29.2
12/4/2022 15:47,43.81,32,44.43,29.85,24.63,29.2
12/4/2022 15:47,43.69,32,31.25,29.81,24.33,29.2
12/4/2022 15:48,43.63,32,36.62,29.85,24.43,29.2
12/4/2022 15:48,43.5,32,32.71,29.81,24.33,29.2
12/4/2022 15:48,43.44,32,31.25,29.77,24.23,29.2
12/4/2022 15:48,43.38,32,35.64,29.75,24.23,29.2
12/4/2022 15:48,43.31,32,35.16,29.72,24.13,29.2
12/4/2022 15:48,43.19,32,45.41,29.75,24.23,29.1
12/4/2022 15:49,43.13,32,40.04,29.72,24.33,29.1
12/4/2022 15:49,43,32,31.25,29.75,24.43,29.1
12/4/2022 15:49,42.94,32,31.25,29.73,24.53,29.1
12/4/2022 15:49,42.88,32,45.9,29.7,24.33,29.1
12/4/2022 15:49,42.75,32,31.25,29.69,24.33,29.1
12/4/2022 15:49,42.69,32,31.74,29.66,24.23,29.1
12/4/2022 15:50,42.63,32,36.13,29.72,24.43,29.1
12/4/2022 15:50,42.5,32,35.64,29.73,24.83,29.1
12/4/2022 15:50,42.5,32,34.67,29.79,24.53,29.1
12/4/2022 15:50,42.38,32,36.13,29.79,24.53,29.1
12/4/2022 15:50,42.31,32,31.25,29.82,24.23,29.1
12/4/2022 15:51,42.25,32,33.69,29.87,24.13,29.1
12/4/2022 15:51,42.13,32,44.43,29.87,24.53,29.1
12/4/2022 15:51,42.06,32,33.2,29.79,24.03,29.2
12/4/2022 15:51,42,32,31.25,29.97,24.03,29.2
12/4/2022 15:51,41.94,32,31.25,30.01,24.23,29.2
12/4/2022 15:51,41.88,32,34.18,30.01,24.23,29.3
12/4/2022 15:52,41.81,32,45.41,30.02,24.13,29.3
12/4/2022 15:52,41.69,32,33.2,29.98,24.33,29.3
12/4/2022 15:52,41.63,32,33.2,29.93,24.33,29.4
12/4/2022 15:52,41.56,32,32.23,29.87,24.43,29.4
12/4/2022 15:52,41.44,32,40.53,29.85,24.43,29.4
12/4/2022 15:52,41.44,32,34.18,29.94,24.53,29.3
12/4/2022 15:53,41.38,32,35.64,30.01,24.53,29.3
12/4/2022 15:53,41.25,32,35.64,29.98,24.73,29.3
12/4/2022 15:53,41.19,32,33.69,29.99,24.63,29.4
12/4/2022 15:53,41.13,32,31.25,29.99,24.33,29.4
12/4/2022 15:53,41.06,32,31.25,29.99,24.23,29.4
12/4/2022 15:54,41,32,36.62,30,24.33,29.4
12/4/2022 15:54,40.94,32,33.2,29.93,24.43,29.5
12/4/2022 15:54,40.88,32,43.46,29.89,24.23,29.4
12/4/2022 15:54,40.81,32,31.74,29.88,24.23,29.4
12/4/2022 15:54,40.75,32,36.13,29.92,24.03,29.4
12/4/2022 15:54,40.69,32,36.62,29.82,24.33,29.4
12/4/2022 15:55,40.63,32,42.97,29.84,24.43,29.4
12/4/2022 15:55,40.56,32,30.76,29.81,24.53,29.4
12/4/2022 15:55,40.5,32,45.9,29.89,24.53,29.4
12/4/2022 15:55,40.44,32,31.74,29.9,24.43,29.4
12/4/2022 15:55,40.38,32,32.71,29.94,24.43,29.4
12/4/2022 15:55,40.31,32,32.71,29.97,24.53,29.4
12/4/2022 15:56,40.25,32,34.18,30.01,24.73,29.4
12/4/2022 15:56,40.19,32,31.74,30.06,24.53,29.4
12/4/2022 15:56,40.13,32,36.13,30.06,24.63,29.4
12/4/2022 15:56,40.06,32,41.02,30.04,24.43,29.4
12/4/2022 15:56,40.06,32,33.69,30.04,24.33,29.5
12/4/2022 15:57,39.94,32,34.18,29.95,24.13,29.5
12/4/2022 15:57,39.88,32,32.71,29.85,23.93,29.5
12/4/2022 15:57,39.88,32,33.2,29.76,23.73,29.4
12/4/2022 15:57,39.81,32,30.76,29.84,24.03,29.4
12/4/2022 15:57,39.81,32,36.13,29.94,24.33,29.3
12/4/2022 15:57,39.75,32,32.23,30,24.23,29.3
12/4/2022 15:58,39.69,32,43.95,29.89,24.23,29.3
12/4/2022 15:58,39.63,32,30.76,29.8,23.93,29.3
12/4/2022 15:58,39.63,32,43.95,29.87,24.03,29.3
12/4/2022 15:58,39.5,32,30.76,29.84,23.93,29.2
12/4/2022 15:58,39.44,32,41.99,29.84,24.03,29.2
12/4/2022 15:58,39.38,32,32.23,29.95,24.03,29.2
12/4/2022 15:59,39.38,32,37.11,29.98,23.93,29.2
12/4/2022 15:59,39.31,32,36.62,29.99,23.83,29.2
12/4/2022 15:59,39.31,32,33.69,30.07,23.63,29.3
12/4/2022 15:59,39.25,32,39.55,30.12,23.73,29.3
12/4/2022 15:59,39.19,31,39.06,30.18,23.93,29.4
12/4/2022 16:00,39.13,31,35.64,30.18,24.13,29.5
12/4/2022 16:00,39.13,31,36.13,30.21,24.03,29.5
12/4/2022 16:00,39.06,31,34.18,30.23,24.53,29.5
12/4/2022 16:00,39,31,36.13,30.25,24.73,29.6
12/4/2022 16:00,38.88,31,33.69,30.15,24.33,29.6
12/4/2022 16:00,38.81,32,31.25,30.11,24.23,29.6
12/4/2022 16:01,38.81,32,31.74,30.06,24.23,29.6
12/4/2022 16:01,38.75,32,31.25,29.98,24.23,29.6
12/4/2022 16:01,38.75,32,31.25,29.95,24.13,29.5
12/4/2022 16:01,38.75,32,31.25,29.95,23.73,29.4
12/4/2022 16:01,38.44,32,43.46,29.99,25.94,29.4
12/4/2022 16:01,38.13,32,40.04,29.93,23.83,29.4
12/4/2022 16:02,38.13,32,43.95,29.97,23.43,29.4
12/4/2022 16:02,38.13,32,34.18,30.04,23.53,29.4
12/4/2022 16:02,37.94,32,38.09,30.04,23.43,29.4
12/4/2022 16:02,37.88,31,34.67,30.01,23.13,29.5
12/4/2022 16:02,37.88,31,36.62,30,23.53,29.5
12/4/2022 16:03,37.94,31,31.25,30.06,23.23,29.5
12/4/2022 16:03,37.88,31,31.25,29.99,23.73,29.5
12/4/2022 16:03,37.88,31,31.74,30.14,23.63,29.5
12/4/2022 16:03,37.88,31,31.74,30.17,23.93,29.5
12/4/2022 16:03,37.88,31,37.11,30.06,23.73,29.5
12/4/2022 16:03,37.88,31,31.25,30.06,23.73,29.5
12/4/2022 16:04,37.81,31,36.62,30.05,23.83,29.5
12/4/2022 16:04,37.81,31,31.25,30.07,24.03,29.5
12/4/2022 16:04,37.75,31,35.64,29.98,23.73,29.5
12/4/2022 16:04,37.69,31,33.2,29.92,24.03,29.5
12/4/2022 16:04,37.69,31,31.25,30,24.03,29.4
12/4/2022 16:04,37.69,32,39.06,30.07,23.83,29.4
12/4/2022 16:05,37.63,32,36.13,30.08,24.03,29.4
12/4/2022 16:05,37.56,32,31.25,30.05,23.83,29.4
12/4/2022 16:05,37.56,32,33.2,29.98,23.83,29.4
12/4/2022 16:05,37.56,32,31.25,29.92,23.83,29.4
12/4/2022 16:05,37.5,32,36.13,29.81,23.93,29.4
12/4/2022 16:06,37.5,32,32.23,29.78,23.83,29.4
12/4/2022 16:06,37.44,32,36.13,29.92,23.63,29.3
12/4/2022 16:06,37.38,31,32.23,29.94,23.83,29.3
12/4/2022 16:06,37.31,31,45.41,29.92,24.03,29.3
12/4/2022 16:06,37.25,31,32.71,29.89,24.13,29.3
12/4/2022 16:06,37.19,31,35.16,29.97,23.73,29.3
12/4/2022 16:07,37.19,31,38.57,29.92,23.93,29.3
12/4/2022 16:07,37.19,31,35.64,30,24.03,29.3
12/4/2022 16:07,37.13,31,36.13,29.87,24.03,29.3
12/4/2022 16:07,37.13,31,33.2,29.92,23.93,29.3
12/4/2022 16:07,37,31,38.57,29.91,23.83,29.3
12/4/2022 16:07,37,32,34.67,30.01,23.63,29.3
12/4/2022 16:08,36.94,32,43.95,29.99,24.03,29.3
12/4/2022 16:08,36.94,31,33.2,30.03,23.93,29.3
12/4/2022 16:08,36.88,31,31.74,30.06,24.03,29.4
12/4/2022 16:08,36.88,31,33.2,30.05,23.93,29.4
12/4/2022 16:08,36.81,31,35.64,29.91,23.93,29.4
12/4/2022 16:09,36.75,31,35.64,30.03,24.03,29.4
12/4/2022 16:09,36.69,32,31.25,30.08,24.03,29.4
12/4/2022 16:09,36.63,32,31.25,30.11,23.93,29.4
12/4/2022 16:09,36.63,32,31.25,30.11,23.83,29.4
12/4/2022 16:09,36.56,32,33.69,30.15,23.83,29.4
12/4/2022 16:09,36.56,32,31.25,30.13,24.03,29.4
12/4/2022 16:10,36.5,32,34.18,29.97,24.13,29.4
12/4/2022 16:10,36.5,32,43.46,29.97,24.03,29.4
12/4/2022 16:10,36.44,32,31.25,29.94,23.63,29.3
12/4/2022 16:10,36.44,32,35.16,30.07,23.63,29.3
12/4/2022 16:10,36.38,32,36.13,30.06,23.73,29.3
12/4/2022 16:10,36.38,32,31.74,29.98,23.83,29.4
12/4/2022 16:11,36.38,32,31.25,30.05,24.13,29.4
12/4/2022 16:11,36.31,32,43.46,30.11,24.33,29.4
12/4/2022 16:11,36.25,32,32.71,30.03,24.03,29.4
12/4/2022 16:11,36.19,32,36.13,30.03,24.03,29.4
12/4/2022 16:11,36.13,32,33.2,30.15,23.63,29.4
12/4/2022 16:12,36.13,32,31.25,30.12,23.93,29.4
12/4/2022 16:12,36.06,32,34.18,30.07,23.73,29.4
12/4/2022 16:12,36,32,38.09,30,23.83,29.4
12/4/2022 16:12,36,32,36.13,30.11,23.53,29.4
12/4/2022 16:12,35.94,32,33.69,30.11,23.73,29.4
12/4/2022 16:12,35.88,32,36.13,30.07,23.83,29.4
12/4/2022 16:13,35.81,32,31.25,30.06,23.83,29.4
12/4/2022 16:13,35.75,32,31.25,30.04,23.93,29.4
12/4/2022 16:13,35.69,32,32.23,30.06,23.33,29.4
12/4/2022 16:13,35.69,32,42.48,30.12,23.53,29.4
12/4/2022 16:13,35.63,32,31.25,30.09,23.73,29.4
12/4/2022 16:13,35.63,31,37.11,30.17,23.63,29.5
12/4/2022 16:14,35.63,31,31.74,30.14,23.73,29.5
12/4/2022 16:14,35.56,31,44.43,30.08,23.63,29.5
12/4/2022 16:14,35.5,31,37.11,30.14,23.53,29.5
12/4/2022 16:14,35.5,31,31.74,30.08,23.73,29.5
12/4/2022 16:14,35.5,31,35.64,30.02,23.93,29.5
12/4/2022 16:15,35.44,31,37.11,30.1,23.53,29.5
12/4/2022 16:15,35.31,31,32.23,30.12,23.53,29.4
12/4/2022 16:15,35.31,31,41.5,30.11,23.73,29.5
12/4/2022 16:15,35.25,31,32.71,30.18,23.73,29.5
12/4/2022 16:15,35.25,31,33.2,30.08,23.83,29.5
12/4/2022 16:15,35.13,31,33.69,30.05,23.63,29.5
12/4/2022 16:16,35.13,31,36.13,30.11,23.43,29.5
12/4/2022 16:16,35.13,31,36.13,30.08,23.83,29.5
12/4/2022 16:16,35.06,31,37.6,30.29,24.43,29.5
12/4/2022 16:16,35,31,44.92,30.22,23.83,29.5
12/4/2022 16:16,34.94,31,31.74,30.16,23.63,29.5
12/4/2022 16:16,34.94,31,39.55,30.21,24.43,29.5
12/4/2022 16:17,34.94,31,31.74,30.2,24.53,29.5
12/4/2022 16:17,34.88,31,37.11,30.13,24.43,29.5
12/4/2022 16:17,34.88,32,33.2,30.07,24.53,29.5
12/4/2022 16:17,34.81,32,32.23,30.04,24.43,29.5
12/4/2022 16:17,34.75,32,35.16,30.04,24.43,29.4
12/4/2022 16:18,34.81,32,37.11,30.08,24.23,29.4
12/4/2022 16:18,34.75,32,42.97,30.14,24.43,29.4
12/4/2022 16:18,34.69,32,35.64,30.04,24.33,29.4
12/4/2022 16:18,34.69,32,32.71,30,24.33,29.3
12/4/2022 16:18,34.63,32,31.74,30.04,23.93,29.3
12/4/2022 16:18,34.56,32,40.53,30.01,24.23,29.3
12/4/2022 16:19,34.56,32,36.13,30.07,24.33,29.3
12/4/2022 16:19,34.56,32,32.71,30.14,24.63,29.4
12/4/2022 16:19,34.5,31,31.74,30.21,24.63,29.4
12/4/2022 16:19,34.5,31,38.57,30.24,24.33,29.4
12/4/2022 16:19,34.44,31,34.18,30.26,24.63,29.4
12/4/2022 16:19,34.38,31,32.23,30.19,24.33,29.5
12/4/2022 16:20,34.38,31,37.6,30.27,24.73,29.4
12/4/2022 16:20,34.31,31,32.71,30.32,24.63,29.5
12/4/2022 16:20,34.31,32,35.16,30.32,24.23,29.5
12/4/2022 16:20,34.31,32,38.09,30.37,24.33,29.5
12/4/2022 16:20,34.19,31,33.2,30.31,24.53,29.5
12/4/2022 16:21,34.19,31,31.74,30.27,24.63,29.6
12/4/2022 16:21,34.19,31,35.64,30.22,24.13,29.6
12/4/2022 16:21,34.13,31,39.55,30.26,24.13,29.6
12/4/2022 16:21,34.13,31,39.55,30.25,24.53,29.6
12/4/2022 16:21,34.06,31,34.18,30.22,24.53,29.6
12/4/2022 16:21,34.06,31,33.69,30.18,24.43,29.6
12/4/2022 16:22,34.06,31,39.55,30.15,24.53,29.6
12/4/2022 16:22,34,31,32.23,30.15,24.33,29.5
12/4/2022 16:22,33.94,31,34.18,30.15,24.33,29.5
12/4/2022 16:22,33.94,31,39.55,30.17,24.43,29.5
12/4/2022 16:22,33.88,31,34.67,30.22,24.33,29.5
12/4/2022 16:22,33.88,31,34.67,30.18,24.53,29.5
12/4/2022 16:23,33.88,31,42.97,30.29,24.33,29.5
12/4/2022 16:23,33.81,31,37.6,30.3,24.53,29.4
12/4/2022 16:23,33.81,31,36.13,30.32,24.43,29.4
12/4/2022 16:23,33.81,31,34.67,30.41,24.63,29.5
12/4/2022 16:23,33.75,31,40.53,30.44,24.73,29.5
12/4/2022 16:24,33.69,31,33.69,30.37,24.53,29.5
12/4/2022 16:24,33.69,31,39.06,30.38,24.63,29.5
12/4/2022 16:24,33.63,31,45.41,30.45,24.63,29.5
12/4/2022 16:24,33.63,32,32.71,30.31,24.23,29.6
12/4/2022 16:24,33.56,32,32.71,30.31,24.43,29.5
12/4/2022 16:24,33.56,32,35.64,30.35,24.43,29.5
12/4/2022 16:25,33.5,31,34.67,30.25,24.33,29.5
12/4/2022 16:25,33.5,31,33.69,30.18,24.33,29.5
12/4/2022 16:25,33.5,31,34.18,30.22,24.53,29.4
12/4/2022 16:25,33.44,31,34.67,30.37,24.53,29.4
12/4/2022 16:25,33.44,31,36.62,30.34,24.43,29.5
12/4/2022 16:25,33.38,31,41.02,30.27,24.43,29.5
12/4/2022 16:26,33.38,31,37.6,30.24,24.23,29.4
12/4/2022 16:26,33.31,31,36.62,30.43,24.63,29.4
12/4/2022 16:26,33.31,31,36.62,30.49,24.83,29.5
12/4/2022 16:26,33.31,31,36.62,30.55,24.83,29.5
12/4/2022 16:26,33.25,31,36.13,30.59,24.73,29.6
12/4/2022 16:27,33.31,31,31.74,30.45,24.53,29.6
12/4/2022 16:27,33.25,31,32.23,30.42,24.73,29.6
12/4/2022 16:27,33.19,31,41.99,30.54,24.23,29.6
12/4/2022 16:27,33.19,31,37.11,30.52,24.43,29.6
12/4/2022 16:27,33.13,31,34.67,30.51,24.73,29.6
12/4/2022 16:27,33.13,31,33.2,30.48,24.43,29.7
12/4/2022 16:28,33.06,31,32.23,30.42,24.43,29.6
12/4/2022 16:28,33.06,31,32.23,30.37,24.33,29.6
12/4/2022 16:28,33,31,34.67,30.41,24.43,29.6
12/4/2022 16:28,33,31,32.71,30.42,24.43,29.6
12/4/2022 16:28,32.94,31,33.69,30.46,24.53,29.6
12/4/2022 16:28,32.94,31,32.23,30.47,24.43,29.6
12/4/2022 16:29,32.88,32,35.64,30.42,24.43,29.6
12/4/2022 16:29,32.88,32,37.6,30.55,24.53,29.6
12/4/2022 16:29,32.88,32,37.11,30.51,24.63,29.6
12/4/2022 16:29,32.75,32,41.5,30.6,24.63,29.6
12/4/2022 16:29,32.75,32,32.23,30.51,24.43,29.6
12/4/2022 16:30,32.75,32,36.13,30.62,24.53,29.6
12/4/2022 16:30,32.69,32,34.67,30.55,24.43,29.6
12/4/2022 16:30,32.63,32,36.13,30.52,24.23,29.6
12/4/2022 16:30,32.63,32,33.2,30.47,24.33,29.6
12/4/2022 16:30,32.56,32,34.67,30.48,24.13,29.6
12/4/2022 16:30,32.56,32,44.92,30.41,24.23,29.6
12/4/2022 16:31,32.56,32,32.23,30.38,24.23,29.6
12/4/2022 16:31,32.5,32,35.64,30.37,24.13,29.6
12/4/2022 16:31,32.44,32,36.13,30.33,24.13,29.5
12/4/2022 16:31,32.44,32,35.64,30.32,24.23,29.5
12/4/2022 16:31,32.44,32,34.67,30.29,24.23,29.5
12/4/2022 16:31,32.44,32,45.41,30.37,24.33,29.5
12/4/2022 16:32,32.38,32,33.2,30.39,24.43,29.5
12/4/2022 16:32,32.38,32,33.69,30.39,24.33,29.4
12/4/2022 16:32,32.31,32,33.2,30.41,24.43,29.5
12/4/2022 16:32,32.38,32,33.69,30.37,24.23,29.5
12/4/2022 16:32,32.31,32,34.67,30.34,24.23,29.5
12/4/2022 16:33,32.25,32,33.69,30.32,24.13,29.5
12/4/2022 16:33,32.25,32,34.67,30.29,24.03,29.5
12/4/2022 16:33,32.31,32,38.57,30.27,24.03,29.5
12/4/2022 16:33,32.25,32,32.71,30.24,24.03,29.4
12/4/2022 16:33,32.19,32,34.67,30.25,24.13,29.4
12/4/2022 16:33,32.19,32,35.16,30.28,24.03,29.4
12/4/2022 16:34,32.19,32,37.6,30.25,24.23,29.4
12/4/2022 16:34,32.13,32,31.74,30.24,24.23,29.3
12/4/2022 16:34,32.13,31,34.18,30.24,24.33,29.3
12/4/2022 16:34,32.13,31,36.13,30.22,24.43,29.3
12/4/2022 16:34,32.06,31,39.55,30.21,24.23,29.3
12/4/2022 16:34,32,31,36.13,30.2,24.23,29.3
12/4/2022 16:35,32,31,38.57,30.19,24.13,29.3
12/4/2022 16:35,31.94,31,31.74,30.2,24.13,29.3
12/4/2022 16:35,32,31,32.71,30.15,24.13,29.3
12/4/2022 16:35,31.94,31,31.25,30.11,24.33,29.3
12/4/2022 16:35,32,31,32.71,30.12,24.33,29.3
12/4/2022 16:36,31.94,31,34.18,30.15,24.53,29.2
12/4/2022 16:36,31.94,31,34.67,30.14,24.43,29.2
12/4/2022 16:36,31.87,31,31.74,30.14,24.13,29.2
12/4/2022 16:36,31.87,31,31.74,30.13,24.03,29.2
12/4/2022 16:36,31.87,31,31.74,30.18,24.23,29.2
12/4/2022 16:36,31.81,31,32.23,30.2,24.33,29.3
12/4/2022 16:37,31.81,31,31.74,30.18,24.43,29.3
12/4/2022 16:37,31.81,31,44.92,30.17,24.33,29.3
12/4/2022 16:37,31.75,31,32.23,30.18,24.23,29.3
12/4/2022 16:37,31.75,31,41.02,30.19,24.23,29.3
12/4/2022 16:37,31.69,31,34.18,30.2,24.33,29.3
12/4/2022 16:37,31.69,31,32.71,30.24,24.33,29.3
12/4/2022 16:38,31.62,31,34.18,30.29,24.23,29.3
12/4/2022 16:38,31.62,31,37.11,30.26,24.03,29.3
12/4/2022 16:38,31.56,31,32.23,30.28,24.33,29.3
12/4/2022 16:38,31.56,31,33.2,30.22,24.23,29.4
12/4/2022 16:38,31.56,31,36.62,30.28,24.23,29.3
12/4/2022 16:39,31.5,31,41.02,30.26,24.13,29.3
12/4/2022 16:39,31.5,31,32.23,30.27,24.23,29.3
12/4/2022 16:39,31.5,31,32.23,30.25,24.23,29.3
12/4/2022 16:39,31.5,31,36.13,30.3,24.13,29.4
12/4/2022 16:39,31.44,31,32.23,30.33,24.23,29.4
12/4/2022 16:39,31.44,31,36.62,30.34,24.03,29.4
12/4/2022 16:40,31.37,31,43.95,30.35,24.13,29.4
12/4/2022 16:40,31.37,31,37.11,30.36,24.13,29.4
12/4/2022 16:40,31.37,31,32.71,30.35,24.13,29.4
12/4/2022 16:40,31.31,31,35.64,30.33,24.13,29.4
12/4/2022 16:40,31.31,31,31.74,30.35,24.13,29.4
12/4/2022 16:40,31.31,31,37.11,30.42,24.23,29.4
12/4/2022 16:41,31.25,31,31.74,30.41,24.03,29.4
12/4/2022 16:41,31.25,31,33.2,30.37,24.03,29.4
12/4/2022 16:41,31.19,31,44.43,30.42,24.13,29.4
12/4/2022 16:41,31.19,31,37.11,30.47,24.23,29.5
12/4/2022 16:41,31.19,31,33.69,30.5,24.13,29.5
12/4/2022 16:42,31.12,31,38.57,30.48,24.13,29.5
12/4/2022 16:42,31.19,31,32.23,30.58,24.33,29.5
12/4/2022 16:42,31.12,31,42.97,30.62,24.13,29.6
12/4/2022 16:42,31.12,31,34.67,30.61,24.13,29.6
12/4/2022 16:42,31.12,31,34.18,30.6,24.03,29.6
12/4/2022 16:42,31.06,31,32.71,30.74,24.03,29.6
12/4/2022 16:43,31.06,31,41.02,30.66,24.13,29.7
12/4/2022 16:43,31.06,31,34.18,30.58,24.13,29.7
12/4/2022 16:43,31.06,31,41.99,30.63,24.13,29.7
12/4/2022 16:43,31,31,40.04,30.59,24.23,29.7
12/4/2022 16:43,31,31,34.18,30.59,24.13,29.7
12/4/2022 16:43,30.94,31,32.23,30.52,24.03,29.7
12/4/2022 16:44,30.94,31,35.16,30.56,24.13,29.7
12/4/2022 16:44,31,31,37.11,30.49,23.83,29.7
12/4/2022 16:44,30.94,31,34.18,30.44,24.03,29.6
12/4/2022 16:44,30.87,31,32.71,30.44,24.03,29.6
12/4/2022 16:44,30.87,31,33.69,30.48,24.23,29.6
12/4/2022 16:45,30.87,31,35.16,30.48,24.33,29.6
12/4/2022 16:45,30.81,31,37.6,30.48,24.03,29.6
12/4/2022 16:45,30.81,31,32.23,30.51,24.03,29.6
12/4/2022 16:45,30.81,31,31.74,30.42,24.13,29.6
12/4/2022 16:45,30.81,31,41.99,30.37,23.93,29.6
12/4/2022 16:45,30.75,31,35.16,30.32,23.83,29.6
12/4/2022 16:46,30.75,31,40.53,30.39,23.73,29.5
12/4/2022 16:46,30.75,31,37.11,30.44,24.13,29.5
12/4/2022 16:46,30.69,31,32.71,30.37,24.13,29.5
12/4/2022 16:46,30.69,31,42.97,30.32,23.83,29.5
12/4/2022 16:46,30.69,31,40.53,30.27,23.73,29.4
12/4/2022 16:46,30.69,31,36.13,30.32,23.83,29.4
12/4/2022 16:47,30.69,31,31.74,30.41,24.13,29.4
12/4/2022 16:47,30.62,31,36.13,30.28,23.83,29.4
12/4/2022 16:47,30.62,31,32.71,30.24,23.63,29.4
12/4/2022 16:47,30.62,31,34.18,30.27,23.73,29.3
12/4/2022 16:47,30.56,31,42.97,30.31,24.03,29.3
12/4/2022 16:48,30.56,31,34.18,30.36,24.13,29.3
12/4/2022 16:48,30.56,31,36.62,30.29,23.93,29.3
12/4/2022 16:48,30.56,31,38.57,30.32,23.83,29.3
12/4/2022 16:48,30.56,31,34.67,30.33,23.83,29.3
12/4/2022 16:48,30.5,31,40.53,30.33,23.93,29.3
12/4/2022 16:48,30.5,31,36.13,30.29,23.93,29.3
12/4/2022 16:49,30.5,31,31.74,30.21,24.03,29.3
12/4/2022 16:49,30.44,31,31.25,30.17,24.03,29.3
12/4/2022 16:49,30.44,31,36.62,30.18,23.93,29.2
12/4/2022 16:49,30.44,31,38.09,30.25,24.13,29.2
12/4/2022 16:49,30.44,31,35.16,30.32,24.13,29.2
12/4/2022 16:49,30.37,31,45.41,30.32,24.03,29.3
12/4/2022 16:50,30.31,31,34.18,30.27,24.03,29.3
12/4/2022 16:50,30.31,31,32.71,30.28,24.03,29.3
12/4/2022 16:50,30.31,31,31.25,30.32,24.13,29.3
12/4/2022 16:50,30.25,31,34.18,30.25,23.93,29.3
12/4/2022 16:50,30.19,31,33.2,30.2,23.83,29.3
12/4/2022 16:51,30.19,31,33.2,30.2,23.83,29.2
12/4/2022 16:51,30.19,31,35.16,30.22,23.73,29.2
12/4/2022 16:51,30.12,31,40.04,30.18,23.83,29.2
12/4/2022 16:51,30.12,31,41.02,30.13,23.73,29.2
12/4/2022 16:51,30.06,31,35.64,30.09,23.63,29.2
12/4/2022 16:51,30.06,31,37.11,30.09,23.73,29.1
12/4/2022 16:52,30.06,31,31.74,30.14,24.03,29.1
12/4/2022 16:52,30,31,35.64,30.12,23.93,29.1
12/4/2022 16:52,30,31,41.02,30.18,23.93,29.1
12/4/2022 16:52,29.94,31,37.11,30.14,23.83,29.1
12/4/2022 16:52,29.94,31,33.2,30.12,23.93,29.1
12/4/2022 16:52,29.94,31,35.16,30.11,24.03,29.1
12/4/2022 16:53,29.94,31,33.69,30.12,23.93,29.1
12/4/2022 16:53,29.87,31,32.23,30.15,24.03,29.1
12/4/2022 16:53,29.87,31,35.64,30.13,23.83,29.1
12/4/2022 16:53,29.87,31,37.11,30.15,23.83,29.1
12/4/2022 16:53,29.87,31,33.2,30.14,23.93,29.1
12/4/2022 16:54,29.81,31,38.57,30.09,23.93,29.2
12/4/2022 16:54,29.87,31,37.11,30.04,23.93,29.1
12/4/2022 16:54,29.81,31,37.6,30.11,23.93,29.1
12/4/2022 16:54,29.81,31,33.2,30.08,23.93,29.1
12/4/2022 16:54,29.75,31,31.74,30.12,23.93,29.1
12/4/2022 16:54,29.81,31,35.64,30.09,23.93,29.1
12/4/2022 16:55,29.75,31,31.25,30.11,23.83,29.2
12/4/2022 16:55,29.69,31,31.74,30.11,23.83,29.1
12/4/2022 16:55,29.75,31,36.62,30.15,23.93,29.2
12/4/2022 16:55,29.69,31,31.74,30.14,23.93,29.2
12/4/2022 16:55,29.69,31,34.18,30.12,24.03,29.2
12/4/2022 16:55,29.69,31,33.69,30.15,24.03,29.2
12/4/2022 16:56,29.62,31,37.11,30.15,23.83,29.2
12/4/2022 16:56,29.62,31,34.18,30.18,23.93,29.2
12/4/2022 16:56,29.62,31,32.23,30.12,23.83,29.2
12/4/2022 16:56,29.56,31,34.18,30.12,23.53,29.2
12/4/2022 16:56,29.56,31,38.57,30.18,23.63,29.2
12/4/2022 16:57,29.62,31,35.16,30.18,23.63,29.2
12/4/2022 16:57,29.5,31,39.06,30.09,23.63,29.3
12/4/2022 16:57,29.56,31,38.57,30.12,23.63,29.2
12/4/2022 16:57,29.56,31,32.23,30.22,23.43,29.2
12/4/2022 16:57,29.5,31,33.2,30.14,23.63,29.2
12/4/2022 16:57,29.5,31,40.04,30.1,23.63,29.2
12/4/2022 16:58,29.5,31,36.62,30.05,23.73,29.2
12/4/2022 16:58,29.5,31,33.69,29.98,23.63,29.1
12/4/2022 16:58,29.5,31,32.23,29.98,23.63,29.1
12/4/2022 16:58,29.5,31,31.25,30.03,23.73,29.1
12/4/2022 16:58,29.5,31,44.43,30.08,23.63,29
12/4/2022 16:58,29.44,31,31.74,30.06,23.43,29.1
12/4/2022 16:59,29.44,31,31.25,30.12,23.43,29.1
12/4/2022 16:59,29.37,31,31.25,30.16,23.53,29.1
12/4/2022 16:59,29.44,31,37.6,30.22,23.43,29.1
12/4/2022 16:59,29.37,31,31.25,30.24,23.53,29.2
12/4/2022 16:59,29.37,31,31.74,30.22,23.43,29.2
12/4/2022 17:00,29.37,30,36.62,30.25,23.43,29.3
12/4/2022 17:00,29.37,30,38.09,30.26,23.43,29.3
12/4/2022 17:00,29.31,30,31.74,30.24,23.43,29.3
12/4/2022 17:00,29.31,30,36.13,30.24,23.63,29.3
12/4/2022 17:00,29.25,30,33.2,30.22,23.83,29.3
12/4/2022 17:00,29.25,30,36.13,30.24,23.93,29.3
12/4/2022 17:01,29.25,30,33.69,30.29,23.73,29.3
12/4/2022 17:01,29.19,30,35.16,30.21,23.63,29.3
12/4/2022 17:01,29.25,30,36.13,30.2,23.33,29.3
12/4/2022 17:01,29.19,31,31.74,30.18,23.43,29.3
12/4/2022 17:01,29.25,31,40.04,30.22,23.73,29.3
12/4/2022 17:01,29.25,31,31.25,30.24,23.83,29.2
12/4/2022 17:02,29.19,31,33.2,30.14,23.63,29.2
12/4/2022 17:02,29.19,31,31.25,30.16,23.93,29.2
12/4/2022 17:02,29.25,31,31.74,30.27,23.53,29.2
12/4/2022 17:02,29.19,31,34.18,30.36,24.33,29.3
12/4/2022 17:02,29.12,31,36.13,30.5,24.03,29.3
12/4/2022 17:03,29.12,30,44.43,30.46,24.33,29.3
12/4/2022 17:03,29.12,30,31.25,30.32,24.03,29.4
12/4/2022 17:03,29.12,30,36.13,30.34,23.93,29.4
12/4/2022 17:03,29.12,30,33.69,30.34,23.83,29.4
12/4/2022 17:03,29.12,30,31.25,30.3,23.93,29.4
12/4/2022 17:03,29.06,30,34.67,30.28,23.83,29.4
12/4/2022 17:04,29.06,30,36.13,30.24,24.13,29.4
12/4/2022 17:04,29.06,30,33.2,30.11,24.03,29.4
12/4/2022 17:04,29.06,30,34.18,30.04,24.03,29.4
12/4/2022 17:04,29.06,31,32.23,30,24.03,29.3
12/4/2022 17:04,29.06,31,35.16,30.01,24.03,29.3
12/4/2022 17:04,29,31,31.74,30.05,24.03,29.2
12/4/2022 17:05,29,31,33.69,30,23.93,29.2
12/4/2022 17:05,29,31,35.64,29.98,23.93,29.1
12/4/2022 17:05,28.94,31,32.23,29.94,23.83,29.1
12/4/2022 17:05,28.94,31,44.43,29.88,23.93,29.1
12/4/2022 17:05,28.87,31,32.71,29.82,24.03,29
12/4/2022 17:06,28.94,31,39.06,29.78,23.93,29
12/4/2022 17:06,28.94,31,34.67,29.77,23.93,28.9
12/4/2022 17:06,28.87,31,34.18,29.73,23.83,28.9
12/4/2022 17:06,28.81,31,31.74,29.71,23.83,28.8
12/4/2022 17:06,28.87,31,44.43,29.74,23.93,28.8
12/4/2022 17:06,28.81,31,30.76,30.01,24.33,28.8
12/4/2022 17:07,28.81,31,33.69,30.09,23.93,28.8
12/4/2022 17:07,28.81,31,42.97,30.15,24.03,28.9
12/4/2022 17:07,28.81,31,37.6,30.2,24.03,28.9
12/4/2022 17:07,28.75,31,36.13,30.3,24.13,29
12/4/2022 17:07,28.75,31,33.69,30.43,24.13,29
12/4/2022 17:07,28.75,31,31.25,30.43,24.03,29.1
12/4/2022 17:08,28.69,31,36.62,30.51,24.03,29.2
12/4/2022 17:08,28.75,31,35.64,30.61,24.13,29.3
12/4/2022 17:08,28.69,31,38.57,30.63,24.23,29.3
12/4/2022 17:08,28.69,31,38.57,30.56,24.03,29.4
12/4/2022 17:08,28.69,30,32.23,30.51,23.83,29.4
12/4/2022 17:09,28.69,30,33.2,30.61,24.13,29.4
12/4/2022 17:09,28.69,31,39.06,30.56,24.03,29.4
12/4/2022 17:09,28.69,31,36.62,30.55,24.23,29.5
12/4/2022 17:09,28.69,31,33.69,30.51,24.23,29.5
12/4/2022 17:09,28.62,31,33.69,30.69,24.13,29.5
12/4/2022 17:09,28.62,31,37.11,30.44,24.43,29.5
12/4/2022 17:10,28.62,31,30.76,30.22,25.74,29.5
12/4/2022 17:10,28.62,31,30.76,30.02,25.64,29.5
12/4/2022 17:10,28.56,30,31.25,30.33,24.53,29.4
12/4/2022 17:10,28.56,30,35.16,30.24,24.63,29.4
12/4/2022 17:10,28.56,30,33.2,30.09,24.93,29.3
12/4/2022 17:10,28.56,30,35.64,30.09,25.54,29.3
12/4/2022 17:11,28.56,30,35.64,29.88,25.74,29.2
12/4/2022 17:11,28.5,30,33.2,29.71,25.94,29.2
12/4/2022 17:11,28.5,30,31.74,29.56,25.74,29.1
12/4/2022 17:11,28.5,30,36.13,29.75,24.83,28.9
12/4/2022 17:11,28.5,30,30.76,29.98,24.03,28.8
12/4/2022 17:12,28.5,30,32.23,30.2,23.93,28.8
12/4/2022 17:12,28.44,30,31.74,30.38,23.93,28.8
12/4/2022 17:12,28.5,30,34.67,30.51,24.13,28.8
12/4/2022 17:12,28.44,30,36.13,30.46,23.93,28.9
12/4/2022 17:12,28.5,31,35.64,30.4,24.03,29
12/4/2022 17:12,28.5,31,37.6,30.39,24.03,29
12/4/2022 17:13,28.5,31,43.95,30.32,24.03,29
12/4/2022 17:13,28.56,31,33.69,30.28,24.03,29
12/4/2022 17:13,28.5,31,35.16,30.25,24.23,29
12/4/2022 17:13,28.5,31,36.13,30.21,24.13,29
12/4/2022 17:13,28.56,31,32.23,30.2,24.03,29
12/4/2022 17:13,28.56,31,36.13,30.27,24.03,29
12/4/2022 17:14,28.5,31,31.74,30.27,23.93,29
12/4/2022 17:14,28.5,31,31.25,30.01,24.03,29
12/4/2022 17:14,28.5,31,31.25,30.25,24.33,28.9
12/4/2022 17:14,28.56,31,34.18,30.32,24.13,28.9
12/4/2022 17:14,28.5,31,31.25,30.27,24.13,29
12/4/2022 17:14,28.5,31,34.18,30.34,24.33,29
12/4/2022 17:15,28.44,31,32.23,30.36,24.33,29
12/4/2022 17:15,28.5,31,36.62,30.37,24.33,29.1
12/4/2022 17:15,28.5,31,35.64,30.45,24.23,29.1
12/4/2022 17:15,28.5,31,32.23,30.44,24.23,29.1
12/4/2022 17:15,28.5,31,31.25,30.46,24.23,29.2
12/4/2022 17:16,28.44,31,37.11,30.43,24.93,29.2
12/4/2022 17:16,28.44,31,35.64,30.36,25.13,29.2
12/4/2022 17:16,28.44,31,37.11,30.41,24.93,29.2
12/4/2022 17:16,28.44,31,33.2,30.41,25.33,29.3
12/4/2022 17:16,28.44,31,35.64,30.34,25.23,29.3
12/4/2022 17:16,28.44,31,38.57,30.3,25.23,29.3
12/4/2022 17:17,28.37,31,32.71,30.45,25.13,29.3
12/4/2022 17:17,28.37,31,33.2,30.48,25.13,29.3
12/4/2022 17:17,28.37,31,31.25,30.63,25.23,29.3
12/4/2022 17:17,28.37,31,37.6,30.72,25.13,29.4
12/4/2022 17:17,28.31,31,32.23,30.67,25.13,29.4
12/4/2022 17:17,28.31,31,35.16,30.68,24.93,29.5
12/4/2022 17:18,28.37,31,33.2,30.65,25.23,29.5
12/4/2022 17:18,28.37,31,33.69,30.72,25.23,29.5
12/4/2022 17:18,28.37,31,32.71,30.62,24.83,29.5
12/4/2022 17:18,28.31,31,37.6,30.54,24.83,29.5
12/4/2022 17:18,28.37,31,46.39,30.48,24.83,29.5
12/4/2022 17:19,28.31,31,33.2,30.61,25.33,29.4
12/4/2022 17:19,28.31,31,32.23,30.61,25.64,29.4
12/4/2022 17:19,28.31,31,36.62,30.55,25.54,29.4
12/4/2022 17:19,28.25,31,37.6,30.64,25.74,29.4
12/4/2022 17:19,28.31,31,37.6,30.66,25.44,29.4
12/4/2022 17:19,28.37,31,36.62,30.34,25.23,29.5
12/4/2022 17:20,28.37,31,35.16,30.31,25.23,29.4
12/4/2022 17:20,28.31,31,35.64,30.41,25.54,29.4
12/4/2022 17:20,28.31,31,41.99,30.62,25.74,29.4
12/4/2022 17:20,28.37,31,32.23,30.65,25.74,29.4
12/4/2022 17:20,28.31,31,32.71,30.56,25.54,29.4
12/4/2022 17:20,28.37,31,45.9,30.62,25.74,29.4
12/4/2022 17:21,28.37,31,31.74,30.79,26.04,29.4
12/4/2022 17:21,28.37,31,31.74,30.88,26.24,29.5
12/4/2022 17:21,28.37,31,35.64,30.78,25.64,29.6
12/4/2022 17:21,28.31,31,38.09,30.73,25.74,29.6
12/4/2022 17:21,28.37,31,34.67,30.84,26.04,29.6
12/4/2022 17:22,28.37,31,35.16,30.87,25.64,29.6
12/4/2022 17:22,28.37,31,32.71,30.79,26.04,29.6
12/4/2022 17:22,28.44,31,39.55,30.9,26.14,29.6
12/4/2022 17:22,28.37,31,31.74,31.06,26.24,29.7
12/4/2022 17:22,28.31,31,43.95,31.16,25.94,29.7
12/4/2022 17:22,28.06,31,32.23,31.1,25.33,29.8
12/4/2022 17:23,28.12,31,33.69,31.17,25.84,29.8
12/4/2022 17:23,28.19,32,31.74,31.16,27.16,29.8
12/4/2022 17:23,28.19,32,35.64,31.14,26.75,29.9
12/4/2022 17:23,28.19,31,32.71,31.1,25.94,29.9
12/4/2022 17:23,28.19,31,32.71,31.03,26.04,29.9
12/4/2022 17:23,28.19,31,36.13,31.06,25.74,29.9
12/4/2022 17:24,28.19,31,40.04,31.03,25.64,29.9
12/4/2022 17:24,28.19,31,38.09,31.15,26.24,29.9
12/4/2022 17:24,28.19,31,31.74,31.17,27.05,29.9
12/4/2022 17:24,28.19,31,33.69,31.09,26.55,29.9
12/4/2022 17:24,28.19,31,33.69,31.09,25.94,29.9
12/4/2022 17:25,28.19,31,32.71,31.02,25.84,29.9
12/4/2022 17:25,28.19,31,32.23,31.12,25.74,29.9
12/4/2022 17:25,28.19,31,47.36,31.1,26.14,29.9
12/4/2022 17:25,28.19,31,37.11,31.07,25.84,29.9
12/4/2022 17:25,28.19,31,37.6,31.09,25.74,29.9
12/4/2022 17:25,28.19,31,46.88,31.09,25.94,30
12/4/2022 17:26,28.25,31,33.2,31.1,26.04,30
12/4/2022 17:26,28.19,31,38.09,31.07,26.04,30
12/4/2022 17:26,28.25,31,42.97,31.16,26.24,30
12/4/2022 17:26,28.25,31,32.71,31.17,26.14,30
12/4/2022 17:26,28.25,31,32.23,31.17,25.94,30
12/4/2022 17:26,28.25,31,33.2,31.08,26.34,30
12/4/2022 17:27,28.25,31,46.39,31.1,26.14,30
12/4/2022 17:27,28.25,31,33.2,30.98,25.74,30
12/4/2022 17:27,28.19,31,31.74,30.92,25.74,30
12/4/2022 17:27,28.19,31,34.18,31,26.14,30
12/4/2022 17:27,28.19,31,32.23,31.03,26.45,30
12/4/2022 17:28,28.25,31,32.71,31.11,26.34,30
12/4/2022 17:28,28.25,31,47.85,31.14,27.26,30
12/4/2022 17:28,28.19,31,32.23,31.1,26.24,30
12/4/2022 17:28,28.25,31,37.11,31.18,26.55,30
12/4/2022 17:28,28.19,31,48.34,31.16,26.14,30
12/4/2022 17:28,28.06,31,34.67,31.12,26.14,30
12/4/2022 17:29,28.12,31,37.6,31.25,26.75,30
12/4/2022 17:29,28.12,31,34.67,31.22,26.75,30
12/4/2022 17:29,28.06,31,49.32,31.23,27.67,30
12/4/2022 17:29,28.12,31,31.74,31.25,27.16,30
12/4/2022 17:29,28.12,31,36.13,31.08,26.14,30
12/4/2022 17:29,28.12,31,33.69,31.02,26.14,30
12/4/2022 17:30,28.06,31,32.71,30.96,26.14,29.9
12/4/2022 17:30,28.12,31,35.16,31,26.34,29.9
12/4/2022 17:30,28.06,31,32.23,31.15,26.75,29.8
12/4/2022 17:30,28.12,31,35.16,31.26,26.65,29.8
12/4/2022 17:30,28.19,31,37.6,31.23,26.65,29.9
12/4/2022 17:31,28.19,31,36.62,31.34,26.45,29.9
12/4/2022 17:31,28.25,31,36.62,31.39,26.75,29.9
12/4/2022 17:31,28.25,31,37.11,31.38,26.55,30
12/4/2022 17:31,28.25,32,35.16,31.4,26.55,30
12/4/2022 17:31,28.19,32,33.69,31.36,26.85,30.1
12/4/2022 17:31,28.19,31,35.64,31.41,26.95,30.1
12/4/2022 17:32,28.25,31,34.18,31.28,26.45,30.1
12/4/2022 17:32,28.25,31,35.64,31.22,26.75,30.1
12/4/2022 17:32,28.25,32,32.71,31.22,26.34,30.1
12/4/2022 17:32,28.25,32,38.09,31.3,27.16,30.1
12/4/2022 17:32,28.25,32,34.67,31.33,26.75,30.1
12/4/2022 17:32,28.25,32,32.71,31.37,26.75,30.1
12/4/2022 17:33,28.19,32,38.57,31.21,26.24,30.1
12/4/2022 17:33,28.12,32,37.6,31.09,26.04,30.1
12/4/2022 17:33,28.12,32,43.95,31.23,26.34,30
12/4/2022 17:33,28.12,32,37.11,31.3,26.85,30
12/4/2022 17:33,28.06,32,34.18,31.4,26.55,30
12/4/2022 17:34,28.06,32,32.71,31.36,26.65,30
12/4/2022 17:34,28,32,45.9,31.39,27.36,30.1
12/4/2022 17:34,28.06,32,33.2,31.39,26.85,30.1
12/4/2022 17:34,28.06,31,32.23,31.44,27.67,30.1
12/4/2022 17:34,28.06,31,33.2,31.37,26.85,30
12/4/2022 17:34,28.06,31,35.16,31.2,26.24,30
12/4/2022 17:35,28,31,36.13,31.2,26.65,30
12/4/2022 17:35,28.06,31,34.18,31.1,26.34,30
12/4/2022 17:35,28.06,31,38.57,31.08,26.24,29.9
12/4/2022 17:35,28.06,31,32.23,30.9,26.04,29.9
12/4/2022 17:35,42.81,31,36.62,31.05,27.05,29.9
12/4/2022 17:35,43.06,31,35.64,31.09,27.87,29.9
12/4/2022 17:36,47.5,31,35.16,31.2,27.16,29.9
12/4/2022 17:36,46.25,31,39.06,31.26,27.16,29.9
12/4/2022 17:36,47.31,31,37.6,31.16,26.95,29.9
12/4/2022 17:36,47.94,31,39.06,31.31,27.05,30
12/4/2022 17:36,47.5,31,33.2,31.39,27.05,30
12/4/2022 17:37,52.5,31,43.95,31.4,27.46,30
12/4/2022 17:37,52.25,31,38.09,31.43,27.46,30.1
12/4/2022 17:37,55.06,31,49.32,31.43,27.56,30.1
12/4/2022 17:37,58.56,31,33.2,31.46,27.77,30.1
12/4/2022 17:37,58.5,31,35.64,31.4,27.56,30.2
12/4/2022 17:37,59.31,31,33.2,31.47,27.36,30.3
12/4/2022 17:38,57.94,31,44.92,31.55,27.16,30.3
12/4/2022 17:38,58.63,31,34.67,31.54,27.56,30.4
12/4/2022 17:38,60.69,31,33.69,31.68,26.85,30.4
12/4/2022 17:38,59.31,31,41.99,31.69,26.45,30.4
12/4/2022 17:38,64.87,31,36.13,31.77,26.55,30.5
12/4/2022 17:38,66.44,31,35.64,31.74,26.55,30.5
12/4/2022 17:39,66.75,31,34.18,31.77,26.95,30.6
12/4/2022 17:39,64.31,31,33.69,31.79,27.05,30.6
12/4/2022 17:39,71.44,31,44.92,31.76,26.85,30.7
12/4/2022 17:39,74.75,31,34.18,31.71,27.05,30.7
12/4/2022 17:39,73.25,31,33.69,31.77,27.16,30.7
12/4/2022 17:40,72.87,31,45.9,31.67,26.85,30.7
12/4/2022 17:40,74.56,31,34.18,31.68,27.16,30.7
12/4/2022 17:40,75.94,31,39.06,31.62,27.05,30.7
12/4/2022 17:40,73.94,31,36.13,31.68,26.85,30.7
12/4/2022 17:40,75.06,31,37.11,31.72,26.75,30.7
12/4/2022 17:40,84.94,31,34.67,31.72,28.69,30.7
12/4/2022 17:41,71.62,31,35.16,31.88,28.28,30.7
12/4/2022 17:41,79.56,31,34.67,31.93,28.9,30.7
12/4/2022 17:41,79.69,31,40.53,31.93,29.11,30.8
12/4/2022 17:41,82.19,31,48.34,32.02,29.31,30.8
12/4/2022 17:41,82.44,32,35.64,31.84,29.31,30.8
12/4/2022 17:41,84.25,32,34.67,31.92,29.52,30.8
12/4/2022 17:42,88.81,32,36.13,32.14,29.11,30.9
12/4/2022 17:42,84.75,32,38.57,32.27,29.11,30.9
12/4/2022 17:42,88.56,32,39.55,32.32,29.83,31
12/4/2022 17:42,78.62,32,36.13,32.31,28.69,31.1
12/4/2022 17:42,82.25,32,38.09,32.14,29.83,31.1
12/4/2022 17:43,89.06,32,45.41,32,31.4,31.1
12/4/2022 17:43,87.37,32,34.18,31.83,30.98,31.1
12/4/2022 17:43,87.19,32,37.11,31.71,30.35,31.1
12/4/2022 17:43,76.19,32,38.09,31.56,30.14,31.1
12/4/2022 17:43,71.25,32,46.88,31.47,28.49,31
12/4/2022 17:43,87.62,32,34.18,31.2,27.26,30.9
12/4/2022 17:44,95.5,32,34.18,30.98,27.05,30.9
12/4/2022 17:44,93.94,32,39.06,30.93,27.16,30.8
12/4/2022 17:44,100.75,32,36.13,30.89,27.56,30.7
12/4/2022 17:44,83,32,43.95,30.85,27.36,30.7
12/4/2022 17:44,85.19,32,36.13,30.75,27.67,30.6
12/4/2022 17:44,83,32,36.13,30.74,27.46,30.6
12/4/2022 17:45,95.75,32,49.32,30.69,27.56,30.5
12/4/2022 17:45,102.44,32,36.62,30.8,27.56,30.5
12/4/2022 17:45,104.12,32,34.67,30.82,27.36,30.4
12/4/2022 17:45,101.19,32,33.69,30.86,27.36,30.5
12/4/2022 17:45,95.44,32,36.13,30.97,27.46,30.5
12/4/2022 17:46,96.25,32,34.18,30.88,27.56,30.5
12/4/2022 17:46,89.37,32,45.41,30.77,27.26,30.6
12/4/2022 17:46,88.19,32,33.2,30.69,27.26,30.5
12/4/2022 17:46,89.69,32,36.62,30.65,27.56,30.5
12/4/2022 17:46,96.12,32,34.18,30.53,27.36,30.5
12/4/2022 17:46,101.06,32,37.6,30.65,27.46,30.4
12/4/2022 17:47,104.19,32,38.57,30.62,27.46,30.4
12/4/2022 17:47,103.5,32,33.2,30.55,27.67,30.4
12/4/2022 17:47,103.81,32,33.2,30.52,26.85,30.4
12/4/2022 17:47,85.62,32,36.62,30.58,27.36,30.4
12/4/2022 17:47,97.31,32,34.18,30.54,27.26,30.4
12/4/2022 17:47,101.94,32,36.62,30.5,27.56,30.4
12/4/2022 17:48,103,32,39.06,30.47,27.36,30.4
12/4/2022 17:48,103.37,32,35.64,30.51,27.36,30.4
12/4/2022 17:48,102.94,32,48.83,30.39,27.05,30.4
12/4/2022 17:48,102.87,32,37.11,30.33,27.16,30.3
12/4/2022 17:48,102.94,32,35.16,30.34,27.05,30.3
12/4/2022 17:49,102.81,32,32.71,30.27,27.16,30.3
12/4/2022 17:49,102.87,32,33.69,30.21,27.36,30.3
12/4/2022 17:49,102.94,32,36.13,30.27,26.85,30.2
12/4/2022 17:49,102.62,32,33.2,30.31,27.26,30.1
12/4/2022 17:49,102.62,32,44.43,30.36,27.16,30.1
12/4/2022 17:49,102.44,32,32.71,30.38,27.26,30.1
12/4/2022 17:50,102.31,32,33.2,30.39,27.16,30.2
12/4/2022 17:50,104.12,32,38.57,30.37,27.26,30.2
12/4/2022 17:50,105.25,32,43.95,30.49,27.56,30.1
12/4/2022 17:50,105.75,32,46.39,30.51,27.26,30.2
12/4/2022 17:50,105.81,32,38.57,30.56,27.05,30.2
12/4/2022 17:51,106.37,32,38.57,30.5,27.05,30.3
12/4/2022 17:51,105.06,32,34.18,30.45,26.95,30.3
12/4/2022 17:51,105.06,32,38.09,30.51,27.16,30.3
12/4/2022 17:51,105.62,32,33.69,30.44,27.36,30.3
12/4/2022 17:51,105.69,32,37.6,30.36,27.36,30.3
12/4/2022 17:51,105.81,32,38.09,30.38,27.36,30.3
12/4/2022 17:52,105.69,32,33.2,30.44,27.16,30.2
12/4/2022 17:52,105.75,32,33.69,30.47,27.36,30.2
12/4/2022 17:52,106,32,39.06,30.41,27.26,30.3
12/4/2022 17:52,106.19,32,35.64,30.38,26.75,30.3
12/4/2022 17:52,106.06,32,39.06,30.39,26.95,30.3
12/4/2022 17:52,106.12,32,41.99,30.44,27.36,30.3
12/4/2022 17:53,106.81,33,36.62,30.4,27.16,30.3
12/4/2022 17:53,106.94,33,34.67,30.34,26.85,30.3
12/4/2022 17:53,107.12,33,46.39,30.28,27.16,30.3
12/4/2022 17:53,107.31,33,33.69,30.23,27.16,30.2
12/4/2022 17:53,106.06,33,36.62,30.27,26.95,30.2
12/4/2022 17:54,105.69,33,45.9,30.32,26.95,30.2
12/4/2022 17:54,106,33,35.64,30.24,26.55,30.2
12/4/2022 17:54,106,33,40.04,30.32,26.85,30.2
12/4/2022 17:54,106.25,33,34.18,30.24,26.45,30.2
12/4/2022 17:54,106.62,33,33.2,30.22,26.55,30.2
12/4/2022 17:54,106.87,33,33.69,30.29,26.65,30.1
12/4/2022 17:55,107,33,35.16,30.3,26.65,30.1
12/4/2022 17:55,106.62,33,39.06,30.24,26.55,30.2
12/4/2022 17:55,106.62,33,35.16,30.19,26.45,30.2
12/4/2022 17:55,106.69,33,45.9,30.25,26.34,30.1
12/4/2022 17:55,106.56,32,37.11,30.19,26.34,30.1
12/4/2022 17:55,106.87,32,43.95,30.04,26.55,30.1
12/4/2022 17:56,107.5,32,34.18,29.98,26.24,30.1
12/4/2022 17:56,108.12,32,36.13,30.02,26.04,30
12/4/2022 17:56,99,32,36.62,29.99,26.34,30
12/4/2022 17:56,105.81,32,33.2,29.94,26.24,30
12/4/2022 17:56,107.94,32,36.13,29.92,26.45,29.9
12/4/2022 17:57,108.5,32,38.57,29.9,26.65,29.9
12/4/2022 17:57,107.37,32,36.13,29.87,26.24,29.9
12/4/2022 17:57,106.56,32,34.18,29.95,26.34,29.8
12/4/2022 17:57,105.94,32,35.64,30.02,26.65,29.8
12/4/2022 17:57,105.94,32,34.67,30.05,26.75,29.8
12/4/2022 17:57,105.81,32,44.92,30.05,26.24,29.9
12/4/2022 17:58,105.94,32,34.67,30.09,26.34,29.9
12/4/2022 17:58,106.31,32,33.2,29.99,26.34,29.9
12/4/2022 17:58,106.37,32,40.04,29.97,26.04,29.9
12/4/2022 17:58,106.31,32,37.6,29.92,26.55,29.9
12/4/2022 17:58,106.62,32,36.13,29.92,26.65,29.9
12/4/2022 17:58,106.75,32,38.57,30.01,26.75,29.8
12/4/2022 17:59,106.56,32,41.99,29.95,26.55,29.8
12/4/2022 17:59,108.19,32,34.67,29.82,26.34,29.8
12/4/2022 17:59,112.87,32,45.41,29.91,26.55,29.8
12/4/2022 17:59,113.5,32,42.97,29.91,26.34,29.7
12/4/2022 17:59,113.31,32,39.55,29.89,26.14,29.7
12/4/2022 18:00,113.19,32,45.41,29.87,26.14,29.7
12/4/2022 18:00,112.94,32,33.2,29.85,26.34,29.7
12/4/2022 18:00,112.75,32,32.71,29.84,26.14,29.7
12/4/2022 18:00,112.5,32,33.2,29.88,26.24,29.7
