index,binary_val
0,00000000000000000000100101000101
1,00000000000000000000100101001111
2,00000000000000000000100101011001
3,00000000000000000000100101011001
4,00000000000000000000100101011001
5,00000000000000000000100101001111
6,00000000000000000000100101100011
7,00000000000000000000100101100011
8,00000000000000000000100101100011
9,00000000000000000000100101101101
10,00000000000000000000100101110111
11,00000000000000000000100110001011
12,00000000000000000000100110000001
13,00000000000000000000100101110111
14,00000000000000000000100101110111
15,00000000000000000000100110000001
16,00000000000000000000100101101101
17,00000000000000000000100110000001
18,00000000000000000000100110000001
19,00000000000000000000100110000001
20,00000000000000000000100110010101
21,00000000000000000000100110010101
22,00000000000000000000100110001011
23,00000000000000000000100110000001
24,00000000000000000000100110000001
25,00000000000000000000100110000001
26,00000000000000000000100110000001
27,00000000000000000000100101110111
28,00000000000000000000100110001011
29,00000000000000000000100110000001
30,00000000000000000000100110000001
31,00000000000000000000100110000001
32,00000000000000000000100110001011
33,00000000000000000000100110001011
34,00000000000000000000100110001011
35,00000000000000000000100110010101
36,00000000000000000000100110011111
37,00000000000000000000100110011111
38,00000000000000000000100110010101
39,00000000000000000000100110001011
40,00000000000000000000100110001011
41,00000000000000000000100110011111
42,00000000000000000000100110011111
43,00000000000000000000100110011111
44,00000000000000000000100110010101
45,00000000000000000000100110001011
46,00000000000000000000100110010101
47,00000000000000000000100110001011
48,00000000000000000000100110001011
49,00000000000000000000100110001011
50,00000000000000000000100110001011
51,00000000000000000000100110000001
52,00000000000000000000100110000001
53,00000000000000000000100110000001
54,00000000000000000000100110000001
55,00000000000000000000100110001011
56,00000000000000000000100110010101
57,00000000000000000000100110010101
58,00000000000000000000100110001011
59,00000000000000000000100110000001
60,00000000000000000000100110000001
61,00000000000000000000100110000001
62,00000000000000000000100110001011
63,00000000000000000000100110001011
64,00000000000000000000100110101001
65,00000000000000000000100110101001
66,00000000000000000000100110001011
67,00000000000000000000100110001011
68,00000000000000000000100110000001
69,00000000000000000000100110101001
70,00000000000000000000100110001011
71,00000000000000000000100110000001
72,00000000000000000000100110001011
73,00000000000000000000100101110111
74,00000000000000000000100110011111
75,00000000000000000000100110010101
76,00000000000000000000100110001011
77,00000000000000000000100101110111
78,00000000000000000000100110010101
79,00000000000000000000100110101001
80,00000000000000000000100101110111
81,00000000000000000000100101001111
82,00000000000000000000100101011001
83,00000000000000000000100101101101
84,00000000000000000000100101100011
85,00000000000000000000100101100011
86,00000000000000000000100101001111
87,00000000000000000000100101001111
88,00000000000000000000100101100011
89,00000000000000000000100110000001
90,00000000000000000000100101110111
91,00000000000000000000100110000001
92,00000000000000000000100101110111
93,00000000000000000000100101101101
94,00000000000000000000100110000001
95,00000000000000000000100110000001
96,00000000000000000000100110001011
97,00000000000000000000100110001011
98,00000000000000000000100110010101
99,00000000000000000000100101110111
100,00000000000000000000100100111011
101,00000000000000000000100100111011
102,00000000000000000000100101110111
103,00000000000000000000100101011001
104,00000000000000000000100101101101
105,00000000000000000000100110000001
106,00000000000000000000100110010101
107,00000000000000000000100110001011
108,00000000000000000000100110010101
109,00000000000000000000100110010101
110,00000000000000000000100110001011
111,00000000000000000000100110001011
112,00000000000000000000100110001011
113,00000000000000000000100110011111
114,00000000000000000000100110001011
115,00000000000000000000100110010101
116,00000000000000000000100110010101
117,00000000000000000000100110010101
118,00000000000000000000100110001011
119,00000000000000000000100110000001
120,00000000000000000000100110001011
121,00000000000000000000100101101101
122,00000000000000000000100110001011
123,00000000000000000000100110010101
124,00000000000000000000100110001011
125,00000000000000000000100110001011
126,00000000000000000000100110000001
127,00000000000000000000100110000001
128,00000000000000000000100101101101
129,00000000000000000000100110001011
130,00000000000000000000100110010101
131,00000000000000000000100101110111
132,00000000000000000000100110000001
133,00000000000000000000100101110111
134,00000000000000000000100110011111
135,00000000000000000000100110010101
136,00000000000000000000100110000001
137,00000000000000000000100110011111
138,00000000000000000000100110001011
139,00000000000000000000100110000001
140,00000000000000000000100110010101
141,00000000000000000000100110001011
142,00000000000000000000100110011111
143,00000000000000000000100110011111
144,00000000000000000000100110010101
145,00000000000000000000100110010101
146,00000000000000000000100110011111
147,00000000000000000000100110010101
148,00000000000000000000100110010101
149,00000000000000000000100110001011
150,00000000000000000000100110000001
151,00000000000000000000100110000001
152,00000000000000000000100110011111
153,00000000000000000000100110010101
154,00000000000000000000100110010101
155,00000000000000000000100110010101
156,00000000000000000000100110001011
157,00000000000000000000100110010101
158,00000000000000000000100110010101
159,00000000000000000000100110001011
160,00000000000000000000100110010101
161,00000000000000000000100110011111
162,00000000000000000000100110010101
163,00000000000000000000100110000001
164,00000000000000000000100110000001
165,00000000000000000000100101101101
166,00000000000000000000100110000001
167,00000000000000000000100101101101
168,00000000000000000000100101100011
169,00000000000000000000100101101101
170,00000000000000000000100110000001
171,00000000000000000000100101110111
172,00000000000000000000100101101101
173,00000000000000000000100101101101
174,00000000000000000000100110010101
175,00000000000000000000100110011111
176,00000000000000000000100110011111
177,00000000000000000000100110011111
178,00000000000000000000100110010101
179,00000000000000000000100110110011
180,00000000000000000000100110011111
181,00000000000000000000100110101001
182,00000000000000000000100110101001
183,00000000000000000000100101101101
184,00000000000000000000100110000001
185,00000000000000000000100110010101
186,00000000000000000000100110101001
187,00000000000000000000100110010101
188,00000000000000000000100110000001
189,00000000000000000000100101110111
190,00000000000000000000100110000001
191,00000000000000000000100110001011
192,00000000000000000000100110001011
193,00000000000000000000100110010101
194,00000000000000000000100110101001
195,00000000000000000000100110010101
196,00000000000000000000100110010101
197,00000000000000000000100110010101
198,00000000000000000000100110101001
199,00000000000000000000100110101001
200,00000000000000000000100110101001
201,00000000000000000000100110101001
202,00000000000000000000100110011111
203,00000000000000000000100110010101
204,00000000000000000000100110010101
205,00000000000000000000100110011111
206,00000000000000000000100110101001
207,00000000000000000000100110101001
208,00000000000000000000100110011111
209,00000000000000000000100110101001
210,00000000000000000000100110111101
211,00000000000000000000100110011111
212,00000000000000000000100110010101
213,00000000000000000000100110011111
214,00000000000000000000100110101001
215,00000000000000000000100110101001
216,00000000000000000000100110101001
217,00000000000000000000100110011111
218,00000000000000000000100110011111
219,00000000000000000000100110001011
220,00000000000000000000100110011111
221,00000000000000000000100110010101
222,00000000000000000000100110011111
223,00000000000000000000100110101001
224,00000000000000000000100110001011
225,00000000000000000000100110011111
226,00000000000000000000100110010101
227,00000000000000000000100110010101
228,00000000000000000000100110001011
229,00000000000000000000100110001011
230,00000000000000000000100110001011
231,00000000000000000000100110010101
232,00000000000000000000100110011111
233,00000000000000000000100110101001
234,00000000000000000000100110101001
235,00000000000000000000100110010101
236,00000000000000000000100110010101
237,00000000000000000000100110011111
238,00000000000000000000100110010101
239,00000000000000000000100110011111
240,00000000000000000000100110011111
241,00000000000000000000100110101001
242,00000000000000000000100110011111
243,00000000000000000000100110001011
244,00000000000000000000100110010101
245,00000000000000000000100110011111
246,00000000000000000000100110101001
247,00000000000000000000100110101001
248,00000000000000000000100110011111
249,00000000000000000000100110010101
250,00000000000000000000100110010101
251,00000000000000000000100110101001
252,00000000000000000000100110110011
253,00000000000000000000100110101001
254,00000000000000000000100110011111
255,00000000000000000000100110101001
256,00000000000000000000100110101001
257,00000000000000000000100110110011
258,00000000000000000000100110110011
259,00000000000000000000100110111101
260,00000000000000000000100110101001
261,00000000000000000000100110110011
262,00000000000000000000100110110011
263,00000000000000000000100110101001
264,00000000000000000000100110110011
265,00000000000000000000100110101001
266,00000000000000000000100110110011
267,00000000000000000000100110101001
268,00000000000000000000100110011111
269,00000000000000000000100110110011
270,00000000000000000000100110011111
271,00000000000000000000100110110011
272,00000000000000000000100110110011
273,00000000000000000000100110101001
274,00000000000000000000100110110011
275,00000000000000000000100110101001
276,00000000000000000000100110110011
277,00000000000000000000100110101001
278,00000000000000000000100110101001
279,00000000000000000000100110101001
280,00000000000000000000100110101001
281,00000000000000000000100110011111
282,00000000000000000000100110101001
283,00000000000000000000100110011111
284,00000000000000000000100110101001
285,00000000000000000000100110010101
286,00000000000000000000100110011111
287,00000000000000000000100110011111
288,00000000000000000000100110011111
289,00000000000000000000100110011111
290,00000000000000000000100110101001
291,00000000000000000000100110011111
292,00000000000000000000100110011111
293,00000000000000000000100110011111
294,00000000000000000000100110010101
295,00000000000000000000100110010101
296,00000000000000000000100110010101
297,00000000000000000000100110011111
298,00000000000000000000100110110011
299,00000000000000000000100110101001
300,00000000000000000000100110101001
301,00000000000000000000100110011111
302,00000000000000000000100110010101
303,00000000000000000000100110101001
304,00000000000000000000100110011111
305,00000000000000000000100110011111
306,00000000000000000000100110110011
307,00000000000000000000100110101001
308,00000000000000000000100110011111
309,00000000000000000000100110011111
310,00000000000000000000100110001011
311,00000000000000000000100110001011
312,00000000000000000000100110001011
313,00000000000000000000100110000001
314,00000000000000000000100110001011
315,00000000000000000000100110001011
316,00000000000000000000100110011111
317,00000000000000000000100110011111
318,00000000000000000000100110011111
319,00000000000000000000100110011111
320,00000000000000000000100110010101
321,00000000000000000000100110010101
322,00000000000000000000100110010101
323,00000000000000000000100110101001
324,00000000000000000000100110010101
325,00000000000000000000100110010101
326,00000000000000000000100110001011
327,00000000000000000000100110001011
328,00000000000000000000100110010101
329,00000000000000000000100110001011
330,00000000000000000000100101101101
331,00000000000000000000100110001011
332,00000000000000000000100110010101
333,00000000000000000000100110011111
334,00000000000000000000100110010101
335,00000000000000000000100110001011
336,00000000000000000000100101110111
337,00000000000000000000100110001011
338,00000000000000000000100110011111
339,00000000000000000000100110011111
340,00000000000000000000100110010101
341,00000000000000000000100110001011
342,00000000000000000000100110001011
343,00000000000000000000100110000001
344,00000000000000000000100110010101
345,00000000000000000000100110010101
346,00000000000000000000100110010101
347,00000000000000000000100110001011
348,00000000000000000000100110001011
349,00000000000000000000100110001011
350,00000000000000000000100110001011
351,00000000000000000000100110001011
352,00000000000000000000100101110111
353,00000000000000000000100110000001
354,00000000000000000000100110001011
355,00000000000000000000100101110111
356,00000000000000000000100101110111
357,00000000000000000000100110000001
358,00000000000000000000100110000001
359,00000000000000000000100101101101
360,00000000000000000000100101101101
361,00000000000000000000100110001011
362,00000000000000000000100110000001
363,00000000000000000000100101110111
364,00000000000000000000100101110111
365,00000000000000000000100110000001
366,00000000000000000000100110001011
367,00000000000000000000100110001011
368,00000000000000000000100101100011
369,00000000000000000000100101110111
370,00000000000000000000100101101101
371,00000000000000000000100101011001
372,00000000000000000000100101100011
373,00000000000000000000100101110111
374,00000000000000000000100101101101
375,00000000000000000000100110000001
376,00000000000000000000100101110111
377,00000000000000000000100110001011
378,00000000000000000000100110010101
379,00000000000000000000100110010101
380,00000000000000000000100110001011
381,00000000000000000000100110000001
382,00000000000000000000100110001011
383,00000000000000000000100110010101
384,00000000000000000000100110011111
385,00000000000000000000100110001011
386,00000000000000000000100101110111
387,00000000000000000000100101100011
388,00000000000000000000100101011001
389,00000000000000000000100110000001
390,00000000000000000000100110001011
391,00000000000000000000100110000001
392,00000000000000000000100110001011
393,00000000000000000000100101110111
394,00000000000000000000100110001011
395,00000000000000000000100101110111
396,00000000000000000000100101100011
397,00000000000000000000100101001111
398,00000000000000000000100101100011
399,00000000000000000000100101101101
400,00000000000000000000100101101101
401,00000000000000000000100101100011
402,00000000000000000000100101110111
403,00000000000000000000100101110111
404,00000000000000000000100110001011
405,00000000000000000000100110101001
406,00000000000000000000100110011111
407,00000000000000000000100110010101
408,00000000000000000000100110001011
409,00000000000000000000100110010101
410,00000000000000000000100110010101
411,00000000000000000000100110010101
412,00000000000000000000100110010101
413,00000000000000000000100110010101
414,00000000000000000000100110010101
415,00000000000000000000100110010101
416,00000000000000000000100110101001
417,00000000000000000000100110010101
418,00000000000000000000100110001011
419,00000000000000000000100110010101
420,00000000000000000000100110001011
421,00000000000000000000100110000001
422,00000000000000000000100101101101
423,00000000000000000000100110000001
424,00000000000000000000100110011111
425,00000000000000000000100110001011
426,00000000000000000000100110001011
427,00000000000000000000100110000001
428,00000000000000000000100110001011
429,00000000000000000000100110001011
430,00000000000000000000100110000001
431,00000000000000000000100110001011
432,00000000000000000000100110001011
433,00000000000000000000100110010101
434,00000000000000000000100110010101
435,00000000000000000000100110010101
436,00000000000000000000100110000001
437,00000000000000000000100110001011
438,00000000000000000000100110001011
439,00000000000000000000100110010101
440,00000000000000000000100110001011
441,00000000000000000000100110001011
442,00000000000000000000100110000001
443,00000000000000000000100110000001
444,00000000000000000000100110000001
445,00000000000000000000100110010101
446,00000000000000000000100101100011
447,00000000000000000000100101101101
448,00000000000000000000100110000001
449,00000000000000000000100110001011
450,00000000000000000000100110000001
451,00000000000000000000100110010101
452,00000000000000000000100110000001
453,00000000000000000000100101110111
454,00000000000000000000100110000001
455,00000000000000000000100110000001
456,00000000000000000000100110000001
457,00000000000000000000100101110111
458,00000000000000000000100101101101
459,00000000000000000000100110010101
460,00000000000000000000100110000001
461,00000000000000000000100101100011
462,00000000000000000000100101100011
463,00000000000000000000100110000001
464,00000000000000000000100110000001
465,00000000000000000000100101110111
466,00000000000000000000100110001011
467,00000000000000000000100110000001
468,00000000000000000000100101110111
469,00000000000000000000100101101101
470,00000000000000000000100110000001
471,00000000000000000000100101101101
472,00000000000000000000100110000001
473,00000000000000000000100101101101
474,00000000000000000000100110001011
475,00000000000000000000100110010101
476,00000000000000000000100110001011
477,00000000000000000000100110000001
478,00000000000000000000100110001011
479,00000000000000000000100101100011
480,00000000000000000000100110000001
481,00000000000000000000100101101101
482,00000000000000000000100101101101
483,00000000000000000000100101101101
484,00000000000000000000100110011111
485,00000000000000000000100110010101
486,00000000000000000000100110010101
487,00000000000000000000100110001011
488,00000000000000000000100101110111
489,00000000000000000000100101100011
490,00000000000000000000100101100011
491,00000000000000000000100101000101
492,00000000000000000000100101100011
493,00000000000000000000100110010101
494,00000000000000000000100110001011
495,00000000000000000000100101101101
496,00000000000000000000100110001011
497,00000000000000000000100110010101
498,00000000000000000000100110010101
499,00000000000000000000100110000001
500,00000000000000000000100101101101
501,00000000000000000000100110011111
502,00000000000000000000100110011111
503,00000000000000000000100110101001
504,00000000000000000000100110101001
505,00000000000000000000100110110011
506,00000000000000000000100110011111
507,00000000000000000000100110101001
508,00000000000000000000100110010101
509,00000000000000000000100110011111
510,00000000000000000000100110000001
511,00000000000000000000100110001011
512,00000000000000000000100110011111
513,00000000000000000000100110011111
514,00000000000000000000100110111101
515,00000000000000000000100110110011
516,00000000000000000000100110011111
517,00000000000000000000100110001011
518,00000000000000000000100110001011
519,00000000000000000000100110101001
520,00000000000000000000100110011111
521,00000000000000000000100111011011
522,00000000000000000000100110101001
523,00000000000000000000100110101001
524,00000000000000000000100110010101
525,00000000000000000000100110000001
526,00000000000000000000100110010101
527,00000000000000000000100110101001
528,00000000000000000000100110011111
529,00000000000000000000100110011111
530,00000000000000000000100110101001
531,00000000000000000000100110101001
532,00000000000000000000100110011111
533,00000000000000000000100110110011
534,00000000000000000000101000000100
535,00000000000000000000100111100101
536,00000000000000000000100110110011
537,00000000000000000000100110010101
538,00000000000000000000100110011111
539,00000000000000000000100110110011
540,00000000000000000000100110101001
541,00000000000000000000100110110011
542,00000000000000000000100110111101
543,00000000000000000000100111010001
544,00000000000000000000100111000111
545,11111111111111111110000011101100
546,11111111111111111110000011101100
547,11111111111111111110000011101100
548,11111111111111111110000011101100
549,11111111111111111110000011101100
550,11111111111111111110000011101100
551,11111111111111111110001000100110
552,11111111111111111110001000100110
553,11111111111111111110001000100110
554,11111111111111111110001000100110
555,11111111111111111110001000100110
556,11111111111111111110001000100110
557,11111111111111111110001000100110
558,11111111111111111110001000100110
559,11111111111111111110001000100110
560,11111111111111111110001100101011
561,11111111111111111110001100101011
562,11111111111111111110001100101011
563,11111111111111111110001100101011
564,11111111111111111110001100101011
565,11111111111111111110001100101011
566,11111111111111111110001100101011
567,11111111111111111110001100101011
568,11111111111111111110001100101011
569,11111111111111111110001100101011
570,11111111111111111110001100101011
571,11111111111111111110001100101011
572,11111111111111111110001100101011
573,11111111111111111110001100101011
574,11111111111111111110001100101011
575,11111111111111111110001100101011
576,11111111111111111110001100101011
577,11111111111111111110001100101011
578,11111111111111111110001100101011
579,11111111111111111110001100101011
580,11111111111111111110001100101011
581,11111111111111111110001100101011
582,11111111111111111110001100101011
583,11111111111111111110001100101011
584,11111111111111111110001100101011
585,11111111111111111110001000100110
586,11111111111111111110001100101011
587,11111111111111111110001100101011
588,11111111111111111110001100101011
589,11111111111111111110001100101011
590,11111111111111111110001100101011
591,11111111111111111110001100101011
592,00000000000000000000101001111101
593,11111111111111111110001100101011
594,00000000000000000000101000110110
595,00000000000000000000101000101100
596,00000000000000000000101000101100
597,00000000000000000000101000100010
598,00000000000000000000101000101100
599,00000000000000000000101000101100
600,00000000000000000000101000101100
601,00000000000000000000101000011000
602,00000000000000000000101000100010
603,00000000000000000000101000110110
604,00000000000000000000101000110110
605,00000000000000000000101000011000
606,00000000000000000000101000101100
607,00000000000000000000101000101100
608,00000000000000000000101000101100
609,00000000000000000000101000100010
610,00000000000000000000101000011000
611,00000000000000000000101000100010
612,00000000000000000000101001011111
613,00000000000000000000101001000000
614,00000000000000000000101001000000
615,00000000000000000000101001000000
616,00000000000000000000101000101100
617,00000000000000000000101000101100
618,00000000000000000000101001010101
619,00000000000000000000101001001010
620,00000000000000000000101001001010
621,00000000000000000000101001010101
622,00000000000000000000101001010101
623,00000000000000000000101001011111
624,00000000000000000000101001001010
625,00000000000000000000101001000000
626,00000000000000000000101001001010
627,00000000000000000000101001001010
628,00000000000000000000101001011111
629,00000000000000000000101001110011
630,00000000000000000000101001101001
631,00000000000000000000101001110011
632,00000000000000000000101001011111
633,00000000000000000000101001000000
634,00000000000000000000101001011111
635,00000000000000000000101001110011
636,00000000000000000000101001001010
637,00000000000000000000101001010101
638,00000000000000000000101001000000
639,00000000000000000000101001010101
640,00000000000000000000101001001010
641,00000000000000000000101001011111
642,00000000000000000000101001010101
643,00000000000000000000101001101001
644,00000000000000000000101001000000
645,00000000000000000000101001000000
646,00000000000000000000101001011111
647,00000000000000000000101001011111
648,00000000000000000000101001101001
649,00000000000000000000101001101001
650,00000000000000000000101001110011
651,00000000000000000000101001010101
652,00000000000000000000101001000000
653,00000000000000000000101001011111
654,00000000000000000000101001001010
655,00000000000000000000101001010101
656,00000000000000000000101001010101
657,00000000000000000000101000110110
658,00000000000000000000101001000000
659,00000000000000000000101001000000
660,00000000000000000000101001110011
661,00000000000000000000101010011100
662,00000000000000000000101001111101
663,00000000000000000000101001001010
664,00000000000000000000101001010101
665,00000000000000000000101001101001
666,00000000000000000000101001011111
667,00000000000000000000101001010101
668,00000000000000000000101001101001
669,00000000000000000000101001010101
670,00000000000000000000101001001010
671,00000000000000000000101001010101
672,00000000000000000000101001010101
673,00000000000000000000101001011111
674,00000000000000000000101001011111
675,00000000000000000000101001101001
676,00000000000000000000101001101001
677,00000000000000000000101001111101
678,00000000000000000000101001111101
679,00000000000000000000101010000111
680,00000000000000000000101010000111
681,00000000000000000000101010010001
682,00000000000000000000101010000111
683,00000000000000000000101010011100
684,00000000000000000000101010000111
685,00000000000000000000101010010001
686,00000000000000000000101011000100
687,00000000000000000000101001010101
688,00000000000000000000101001111101
689,00000000000000000000101001101001
690,00000000000000000000101001110011
691,00000000000000000000101001101001
692,00000000000000000000101001010101
693,00000000000000000000101010000111
694,00000000000000000000101001110011
695,00000000000000000000101100110101
696,00000000000000000000101011011001
697,00000000000000000000101001110011
698,00000000000000000000101010000111
699,00000000000000000000101001111101
700,00000000000000000000101001010101
701,00000000000000000000101001011111
702,00000000000000000000101010011100
703,00000000000000000000101010100110
704,00000000000000000000101010010001
705,00000000000000000000101010110000
706,00000000000000000000101010000111
707,00000000000000000000101001111101
708,00000000000000000000101011000100
709,00000000000000000000101010000111
710,00000000000000000000101010111010
711,00000000000000000000101010100110
712,00000000000000000000101001110011
713,00000000000000000000101001111101
714,00000000000000000000101010011100
715,00000000000000000000101010000111
716,00000000000000000000101001111101
717,00000000000000000000101000011000
718,00000000000000000000101001000000
719,00000000000000000000101000011000
720,00000000000000000000101000001110
721,00000000000000000000101001000000
722,00000000000000000000101001011111
723,00000000000000000000101001000000
724,00000000000000000000101000101100
725,00000000000000000000101000110110
726,00000000000000000000101001001010
727,00000000000000000000101001000000
728,00000000000000000000101001000000
729,00000000000000000000101001000000
730,00000000000000000000101001010101
731,00000000000000000000101000110110
732,00000000000000000000101001001010
733,00000000000000000000101001001010
734,00000000000000000000101000101100
735,00000000000000000000101001001010
736,00000000000000000000101000110110
737,00000000000000000000101000101100
738,00000000000000000000101000110110
739,00000000000000000000101001000000
740,00000000000000000000101001010101
741,00000000000000000000101001010101
742,00000000000000000000101001011111
743,00000000000000000000101001010101
744,00000000000000000000101000110110
745,00000000000000000000101001000000
746,00000000000000000000101001001010
747,00000000000000000000101001001010
748,00000000000000000000101001000000
749,00000000000000000000101001001010
750,00000000000000000000101000110110
751,00000000000000000000101000011000
752,00000000000000000000101000100010
753,00000000000000000000101000100010
754,00000000000000000000101000100010
755,00000000000000000000101000101100
756,00000000000000000000101000100010
757,00000000000000000000101000011000
758,00000000000000000000101000101100
759,00000000000000000000101000011000
760,00000000000000000000101000100010
761,00000000000000000000101000000100
762,00000000000000000000101000000100
763,00000000000000000000101000011000
764,00000000000000000000101000110110
765,00000000000000000000101000100010
766,00000000000000000000101000000100
767,00000000000000000000101000001110
768,00000000000000000000101000011000
769,00000000000000000000101000100010
770,00000000000000000000101000011000
771,00000000000000000000101000011000
772,00000000000000000000101000011000
773,00000000000000000000101000101100
774,00000000000000000000101001111101
775,00000000000000000000101001101001
776,00000000000000000000101001010101
777,00000000000000000000101001000000
778,00000000000000000000100111100101
779,00000000000000000000100111100101
780,00000000000000000000100111000111
781,00000000000000000000100111011011
782,00000000000000000000100111010001
783,00000000000000000000100111010001
784,00000000000000000000100111110000
785,00000000000000000000100111011011
786,00000000000000000000100111010001
787,00000000000000000000100111011011
788,00000000000000000000100111100101
789,00000000000000000000100111011011
790,00000000000000000000100111110000
791,00000000000000000000100111111010
792,00000000000000000000100111010001
793,00000000000000000000100111111010
794,00000000000000000000100111111010
795,00000000000000000000101000000100
796,00000000000000000000100111111010
797,00000000000000000000100111110000
798,00000000000000000000101000001110
799,00000000000000000000100111100101
800,00000000000000000000100111110000
801,00000000000000000000101000000100
802,00000000000000000000101000001110
803,00000000000000000000100111100101
804,00000000000000000000100111100101
805,00000000000000000000101000001110
806,00000000000000000000100111110000
807,00000000000000000000101000011000
808,00000000000000000000101000100010
809,00000000000000000000100111111010
810,00000000000000000000100111111010
811,00000000000000000000101001101001
812,00000000000000000000101001001010
813,00000000000000000000101001001010
814,00000000000000000000101001001010
815,00000000000000000000101001010101
816,00000000000000000000101001001010
817,00000000000000000000101001000000
818,00000000000000000000101000100010
819,00000000000000000000100111111010
820,00000000000000000000101000000100
821,00000000000000000000101000001110
822,00000000000000000000100111111010
823,00000000000000000000100111000111
824,00000000000000000000100111011011
825,00000000000000000000100111111010
826,00000000000000000000101000000100
827,00000000000000000000101000000100
828,00000000000000000000101000000100
829,00000000000000000000101000100010
830,00000000000000000000101000110110
831,00000000000000000000101000100010
832,00000000000000000000101000011000
833,00000000000000000000100111111010
834,00000000000000000000101000011000
835,00000000000000000000101000110110
836,00000000000000000000101000110110
837,00000000000000000000101000001110
838,00000000000000000000101000011000
839,00000000000000000000101000011000
840,00000000000000000000101000011000
841,00000000000000000000101000101100
842,00000000000000000000101000100010
843,00000000000000000000101000011000
844,00000000000000000000101000101100
845,00000000000000000000101000110110
846,00000000000000000000101000011000
847,00000000000000000000100111111010
848,00000000000000000000101000000100
849,00000000000000000000101000101100
850,00000000000000000000101000101100
851,00000000000000000000101000110110
852,00000000000000000000101000100010
853,00000000000000000000101001000000
854,00000000000000000000101000100010
855,00000000000000000000101000001110
856,00000000000000000000101000000100
857,00000000000000000000101000000100
858,00000000000000000000101000000100
859,00000000000000000000101000001110
860,00000000000000000000101000100010
861,00000000000000000000101000001110
862,00000000000000000000101000100010
863,00000000000000000000101000011000
864,00000000000000000000101000001110
865,00000000000000000000101000001110
866,00000000000000000000101000011000
867,00000000000000000000101000001110
868,00000000000000000000101000001110
869,00000000000000000000101000100010
870,00000000000000000000101000100010
871,00000000000000000000101000000100
872,00000000000000000000101000001110
873,00000000000000000000101000100010
874,00000000000000000000101000101100
875,00000000000000000000101000011000
876,00000000000000000000101000001110
877,00000000000000000000101000000100
878,00000000000000000000101000000100
879,00000000000000000000101000000100
880,00000000000000000000100111111010
881,00000000000000000000100111111010
882,00000000000000000000100111111010
883,00000000000000000000101000000100
884,00000000000000000000101000011000
885,00000000000000000000101000011000
886,00000000000000000000101000100010
887,00000000000000000000101000100010
888,00000000000000000000101000011000
889,00000000000000000000100111111010
890,00000000000000000000101000100010
891,00000000000000000000100111111010
892,00000000000000000000101000001110
893,00000000000000000000100110110011
894,00000000000000000000100101101101
895,00000000000000000000100101101101
896,00000000000000000000100110011111
897,00000000000000000000100110011111
898,00000000000000000000100110010101
899,00000000000000000000100110000001
900,00000000000000000000100110010101
901,00000000000000000000100110001011
902,00000000000000000000100110010101
903,00000000000000000000100101110111
904,00000000000000000000100110000001
905,00000000000000000000100110001011
906,00000000000000000000100110000001
907,00000000000000000000100110001011
908,00000000000000000000100101110111
909,00000000000000000000100110001011
910,00000000000000000000100110000001
911,00000000000000000000100110101001
912,00000000000000000000100110010101
913,00000000000000000000100110010101
914,00000000000000000000100110011111
915,00000000000000000000100110010101
916,00000000000000000000100110000001
917,00000000000000000000100110010101
918,00000000000000000000100110010101
919,00000000000000000000100110000001
920,00000000000000000000100110000001
921,00000000000000000000100110000001
922,00000000000000000000100110101001
923,00000000000000000000100110101001
924,00000000000000000000100110011111
925,00000000000000000000100110001011
926,00000000000000000000100110010101
927,00000000000000000000100110010101
928,00000000000000000000100110001011
929,00000000000000000000100110000001
930,00000000000000000000100110000001
931,00000000000000000000100110001011
932,00000000000000000000100110001011
933,00000000000000000000100101101101
934,00000000000000000000100101101101
935,00000000000000000000100110001011
936,00000000000000000000100101100011
937,00000000000000000000100101101101
938,00000000000000000000100110001011
939,00000000000000000000100110000001
940,00000000000000000000100101110111
941,00000000000000000000100110000001
942,00000000000000000000100101110111
943,00000000000000000000100101101101
944,00000000000000000000100101101101
945,00000000000000000000100110000001
946,00000000000000000000100110001011
947,00000000000000000000100110011111
948,00000000000000000000100110000001
949,00000000000000000000100110001011
950,00000000000000000000100110000001
951,00000000000000000000100101110111
952,00000000000000000000100101110111
953,00000000000000000000100101101101
954,00000000000000000000100101110111
955,00000000000000000000100110000001
956,00000000000000000000100110001011
957,00000000000000000000100110010101
958,00000000000000000000100110000001
959,00000000000000000000100110000001
960,00000000000000000000100101110111
961,00000000000000000000100110001011
962,00000000000000000000100110110011
963,00000000000000000000100110010101
964,00000000000000000000100110010101
965,00000000000000000000100101110111
966,00000000000000000000100101101101
967,00000000000000000000100110010101
968,00000000000000000000100101100011
969,00000000000000000000100101100011
970,00000000000000000000100101110111
971,00000000000000000000100101110111
972,00000000000000000000100101101101
973,00000000000000000000100110000001
974,00000000000000000000100110000001
975,00000000000000000000100110001011
976,00000000000000000000100110001011
977,00000000000000000000100110010101
978,00000000000000000000100110010101
979,00000000000000000000100110101001
980,00000000000000000000100110011111
981,00000000000000000000100110000001
982,00000000000000000000100101110111
983,00000000000000000000100110000001
984,00000000000000000000100110001011
985,00000000000000000000100101110111
986,00000000000000000000100101110111
987,00000000000000000000100101100011
988,00000000000000000000100110000001
989,00000000000000000000100110001011
990,00000000000000000000100110010101
991,00000000000000000000100110010101
992,00000000000000000000100110001011
993,00000000000000000000100110001011
994,00000000000000000000100110010101
995,00000000000000000000100110101001
996,00000000000000000000100110010101
997,00000000000000000000100110011111
998,00000000000000000000100110001011
999,00000000000000000000100110000001
1000,00000000000000000000100101101101
1001,00000000000000000000100101011001
1002,00000000000000000000100101000101
1003,00000000000000000000100101100011
1004,00000000000000000000100110000001
1005,00000000000000000000100101110111
1006,00000000000000000000100101110111
1007,00000000000000000000100101011001
1008,00000000000000000000100101100011
1009,00000000000000000000100101011001
1010,00000000000000000000100101100011
1011,00000000000000000000100101100011
1012,00000000000000000000100101011001
1013,00000000000000000000100101001111
1014,00000000000000000000100100111011
1015,00000000000000000000100101000101
1016,00000000000000000000100101011001
1017,00000000000000000000100101101101
1018,00000000000000000000100101100011
1019,00000000000000000000100110010101
1020,00000000000000000000100110101001
1021,00000000000000000000100110000001
1022,00000000000000000000100101110111
1023,00000000000000000000100101110111
1024,00000000000000000000100101110111
1025,00000000000000000000100101101101
1026,00000000000000000000100101000101
1027,00000000000000000000101000100010
1028,00000000000000000000100101001111
1029,00000000000000000000100100100111
1030,00000000000000000000100100110001
1031,00000000000000000000100100100111
1032,00000000000000000000100100001001
1033,00000000000000000000100100110001
1034,00000000000000000000100100010011
1035,00000000000000000000100101000101
1036,00000000000000000000100100111011
1037,00000000000000000000100101011001
1038,00000000000000000000100101000101
1039,00000000000000000000100101000101
1040,00000000000000000000100101001111
1041,00000000000000000000100101100011
1042,00000000000000000000100101000101
1043,00000000000000000000100101100011
1044,00000000000000000000100101100011
1045,00000000000000000000100101001111
1046,00000000000000000000100101100011
1047,00000000000000000000100101001111
1048,00000000000000000000100101001111
1049,00000000000000000000100101001111
1050,00000000000000000000100101011001
1051,00000000000000000000100101001111
1052,00000000000000000000100100111011
1053,00000000000000000000100101001111
1054,00000000000000000000100101100011
1055,00000000000000000000100101101101
1056,00000000000000000000100101000101
1057,00000000000000000000100101011001
1058,00000000000000000000100101100011
1059,00000000000000000000100101100011
1060,00000000000000000000100101011001
1061,00000000000000000000100101001111
1062,00000000000000000000100100111011
1063,00000000000000000000100101100011
1064,00000000000000000000100101011001
1065,00000000000000000000100101100011
1066,00000000000000000000100101011001
1067,00000000000000000000100101011001
1068,00000000000000000000100101100011
1069,00000000000000000000100101100011
1070,00000000000000000000100101011001
1071,00000000000000000000100101001111
1072,00000000000000000000100101001111
1073,00000000000000000000100101100011
1074,00000000000000000000100101101101
1075,00000000000000000000100101100011
1076,00000000000000000000100100111011
1077,00000000000000000000100100111011
1078,00000000000000000000100101000101
1079,00000000000000000000100101001111
1080,00000000000000000000100101101101
1081,00000000000000000000100110000001
1082,00000000000000000000100101100011
1083,00000000000000000000100101100011
1084,00000000000000000000100100111011
1085,00000000000000000000100101011001
1086,00000000000000000000100101000101
1087,00000000000000000000100101001111
1088,00000000000000000000100100110001
1089,00000000000000000000100101000101
1090,00000000000000000000100101001111
1091,00000000000000000000100101001111
1092,00000000000000000000100101011001
1093,00000000000000000000100100011101
1094,00000000000000000000100100110001
1095,00000000000000000000100101000101
1096,00000000000000000000100100111011
1097,00000000000000000000100101000101
1098,00000000000000000000100100111011
1099,00000000000000000000100100110001
1100,00000000000000000000100101000101
1101,00000000000000000000100101011001
1102,00000000000000000000100100110001
1103,00000000000000000000100100110001
1104,00000000000000000000100101000101
1105,00000000000000000000100101000101
1106,00000000000000000000100101001111
1107,00000000000000000000100100111011
1108,00000000000000000000100100100111
1109,00000000000000000000100101001111
1110,00000000000000000000100110001011
1111,00000000000000000000100101001111
1112,00000000000000000000100100111011
1113,00000000000000000000100110001011
1114,00000000000000000000100110010101
1115,00000000000000000000100110001011
1116,00000000000000000000100110010101
1117,00000000000000000000100110001011
1118,00000000000000000000100110001011
1119,00000000000000000000100101110111
1120,00000000000000000000100110001011
1121,00000000000000000000100110000001
1122,00000000000000000000100110000001
1123,00000000000000000000100101011001
1124,00000000000000000000100101110111
1125,00000000000000000000100110000001
1126,00000000000000000000100110011111
1127,00000000000000000000100110011111
1128,00000000000000000000100110000001
1129,00000000000000000000100110011111
1130,00000000000000000000100110000001
1131,00000000000000000000100110101001
1132,00000000000000000000100110011111
1133,00000000000000000000100101110111
1134,00000000000000000000100110000001
1135,00000000000000000000100110010101
1136,00000000000000000000100110011111
1137,00000000000000000000100101101101
1138,00000000000000000000100101101101
1139,00000000000000000000100110010101
1140,00000000000000000000100110010101
1141,00000000000000000000100110001011
1142,00000000000000000000100110010101
1143,00000000000000000000100110000001
1144,00000000000000000000100110000001
1145,00000000000000000000100110001011
1146,00000000000000000000100110000001
1147,00000000000000000000100110010101
1148,00000000000000000000100110000001
1149,00000000000000000000100110010101
1150,00000000000000000000100110001011
1151,00000000000000000000100110011111
1152,00000000000000000000100110101001
1153,00000000000000000000100110010101
1154,00000000000000000000100110011111
1155,00000000000000000000100110011111
1156,00000000000000000000100101110111
1157,00000000000000000000100110001011
1158,00000000000000000000100110001011
1159,00000000000000000000100110000001
1160,00000000000000000000100110000001
1161,00000000000000000000100110010101
1162,00000000000000000000100110010101
1163,00000000000000000000100110001011
1164,00000000000000000000100110001011
1165,00000000000000000000100101110111
1166,00000000000000000000100110011111
1167,00000000000000000000100110110011
1168,00000000000000000000100110110011
1169,00000000000000000000100110101001
1170,00000000000000000000100110010101
1171,00000000000000000000100110101001
1172,00000000000000000000100101110111
1173,00000000000000000000100110001011
1174,00000000000000000000100110101001
1175,00000000000000000000100110001011
1176,00000000000000000000100110001011
1177,00000000000000000000100110000001
1178,00000000000000000000100110001011
1179,00000000000000000000100110001011
1180,00000000000000000000100110010101
1181,00000000000000000000100110001011
1182,00000000000000000000100110001011
1183,00000000000000000000100110010101
1184,00000000000000000000100110011111
1185,00000000000000000000100110011111
1186,00000000000000000000100110001011
1187,00000000000000000000100110010101
1188,00000000000000000000100110001011
1189,00000000000000000000100101110111
1190,00000000000000000000100110000001
1191,00000000000000000000100101101101
1192,00000000000000000000100101110111
1193,00000000000000000000100101110111
1194,00000000000000000000100101101101
1195,00000000000000000000100101101101
1196,00000000000000000000100101110111
1197,00000000000000000000100101110111
1198,00000000000000000000100110000001
1199,00000000000000000000100110001011
1200,00000000000000000000100110000001
1201,00000000000000000000100110001011
1202,00000000000000000000100101110111
1203,00000000000000000000100101110111
1204,00000000000000000000100101101101
1205,00000000000000000000100101100011
1206,00000000000000000000100101100011
1207,00000000000000000000100101100011
1208,00000000000000000000100101101101
1209,00000000000000000000100101100011
1210,00000000000000000000100101110111
1211,00000000000000000000100101110111
1212,00000000000000000000100110000001
1213,00000000000000000000100110001011
1214,00000000000000000000100101110111
1215,00000000000000000000100101110111
1216,00000000000000000000100101101101
1217,00000000000000000000100101101101
1218,00000000000000000000100101101101
1219,00000000000000000000100110000001
1220,00000000000000000000100110000001
1221,00000000000000000000100110010101
1222,00000000000000000000100110001011
1223,00000000000000000000100101101101
1224,00000000000000000000100101100011
1225,00000000000000000000100101110111
1226,00000000000000000000100110000001
1227,00000000000000000000100110001011
1228,00000000000000000000100110000001
1229,00000000000000000000100101110111
1230,00000000000000000000100101110111
1231,00000000000000000000100110000001
1232,00000000000000000000100110000001
1233,00000000000000000000100101110111
1234,00000000000000000000100101100011
1235,00000000000000000000100110000001
1236,00000000000000000000100101110111
1237,00000000000000000000100101110111
1238,00000000000000000000100101101101
1239,00000000000000000000100101110111
1240,00000000000000000000100101110111
1241,00000000000000000000100101101101
1242,00000000000000000000100101110111
1243,00000000000000000000100101100011
1244,00000000000000000000100101101101
1245,00000000000000000000100101101101
1246,00000000000000000000100101101101
1247,00000000000000000000100101101101
1248,00000000000000000000100101101101
1249,00000000000000000000100101110111
1250,00000000000000000000100101100011
1251,00000000000000000000100101100011
1252,00000000000000000000100101101101
1253,00000000000000000000100101110111
1254,00000000000000000000100101101101
1255,00000000000000000000100101101101
1256,00000000000000000000100110000001
1257,00000000000000000000100101101101
1258,00000000000000000000100101101101
1259,00000000000000000000100101100011
1260,00000000000000000000100101100011
1261,00000000000000000000100101101101
1262,00000000000000000000100101101101
1263,00000000000000000000100101101101
1264,00000000000000000000100101110111
1265,00000000000000000000100101101101
1266,00000000000000000000100101100011
1267,00000000000000000000100101101101
1268,00000000000000000000100101001111
1269,00000000000000000000100101100011
1270,00000000000000000000100101100011
1271,00000000000000000000100101110111
1272,00000000000000000000100110000001
1273,00000000000000000000100101100011
1274,00000000000000000000100101100011
1275,00000000000000000000100101101101
1276,00000000000000000000100101011001
1277,00000000000000000000100101001111
1278,00000000000000000000100101000101
1279,00000000000000000000100101101101
1280,00000000000000000000100101101101
1281,00000000000000000000100101001111
1282,00000000000000000000100101000101
1283,00000000000000000000100101001111
1284,00000000000000000000100101101101
1285,00000000000000000000100101001111
1286,00000000000000000000100100111011
1287,00000000000000000000100101000101
1288,00000000000000000000100101100011
1289,00000000000000000000100101101101
1290,00000000000000000000100101011001
1291,00000000000000000000100101001111
1292,00000000000000000000100101001111
1293,00000000000000000000100101011001
1294,00000000000000000000100101011001
1295,00000000000000000000100101100011
1296,00000000000000000000100101100011
1297,00000000000000000000100101011001
1298,00000000000000000000100101101101
1299,00000000000000000000100101101101
1300,00000000000000000000100101100011
1301,00000000000000000000100101100011
1302,00000000000000000000100101100011
1303,00000000000000000000100101101101
1304,00000000000000000000100101011001
1305,00000000000000000000100101001111
1306,00000000000000000000100101001111
1307,00000000000000000000100101000101
1308,00000000000000000000100101001111
1309,00000000000000000000100101000101
1310,00000000000000000000100100111011
1311,00000000000000000000100101000101
1312,00000000000000000000100101100011
1313,00000000000000000000100101011001
1314,00000000000000000000100101011001
1315,00000000000000000000100101001111
1316,00000000000000000000100101011001
1317,00000000000000000000100101100011
1318,00000000000000000000100101011001
1319,00000000000000000000100101100011
1320,00000000000000000000100101001111
1321,00000000000000000000100101001111
1322,00000000000000000000100101011001
1323,00000000000000000000100101011001
1324,00000000000000000000100101011001
1325,00000000000000000000100101011001
1326,00000000000000000000100101011001
1327,00000000000000000000100101011001
1328,00000000000000000000100101011001
1329,00000000000000000000100101001111
1330,00000000000000000000100101001111
1331,00000000000000000000100101011001
1332,00000000000000000000100101011001
1333,00000000000000000000100101100011
1334,00000000000000000000100101100011
1335,00000000000000000000100101001111
1336,00000000000000000000100101011001
1337,00000000000000000000100101001111
1338,00000000000000000000100100110001
1339,00000000000000000000100100111011
1340,00000000000000000000100100111011
1341,00000000000000000000100100111011
1342,00000000000000000000100100111011
1343,00000000000000000000100100100111
1344,00000000000000000000100100111011
1345,00000000000000000000100100111011
1346,00000000000000000000100101000101
1347,00000000000000000000100100111011
1348,00000000000000000000100100111011
1349,00000000000000000000100101000101
1350,00000000000000000000100100111011
1351,00000000000000000000100100100111
1352,00000000000000000000100100100111
1353,00000000000000000000100100110001
1354,00000000000000000000100100100111
1355,00000000000000000000100100110001
1356,00000000000000000000100100100111
1357,00000000000000000000100100100111
1358,00000000000000000000100100100111
1359,00000000000000000000100100100111
1360,00000000000000000000100100111011
1361,00000000000000000000100101001111
1362,00000000000000000000100101011001
1363,00000000000000000000100101000101
1364,00000000000000000000100100111011
1365,00000000000000000000100100011101
1366,00000000000000000000100100100111
1367,00000000000000000000100101000101
1368,00000000000000000000100101001111
1369,00000000000000000000100100111011
1370,00000000000000000000100101011001
1371,00000000000000000000100100110001
1372,00000000000000000000100110000001
1373,00000000000000000000100101100011
1374,00000000000000000000100110000001
1375,00000000000000000000100101100011
1376,00000000000000000000100101011001
1377,00000000000000000000100101001111
1378,00000000000000000000100101011001
1379,00000000000000000000100101001111
1380,00000000000000000000100101101101
1381,00000000000000000000100101100011
1382,00000000000000000000100101100011
1383,00000000000000000000100101100011
1384,00000000000000000000100101100011
1385,00000000000000000000100101100011
1386,00000000000000000000100101011001
1387,00000000000000000000100101011001
1388,00000000000000000000100101001111
1389,00000000000000000000100101011001
1390,00000000000000000000100101100011
1391,00000000000000000000100101011001
1392,00000000000000000000100101011001
1393,00000000000000000000100101001111
1394,00000000000000000000100101001111
1395,00000000000000000000100101011001
1396,00000000000000000000100110000001
1397,00000000000000000000100101011001
1398,00000000000000000000100101100011
1399,00000000000000000000100101100011
1400,00000000000000000000100101101101
1401,00000000000000000000100101101101
1402,00000000000000000000100101100011
1403,00000000000000000000100101100011
1404,00000000000000000000100101101101
1405,00000000000000000000100101110111
1406,00000000000000000000100101100011
1407,00000000000000000000100101001111
1408,00000000000000000000100101101101
1409,00000000000000000000100101100011
1410,00000000000000000000100101110111
1411,00000000000000000000100101110111
1412,00000000000000000000100101101101
1413,00000000000000000000100110001011
1414,00000000000000000000101000001110
1415,00000000000000000000101000000100
1416,00000000000000000000100110010101
1417,00000000000000000000100110011111
1418,00000000000000000000100110111101
1419,00000000000000000000100111111010
1420,00000000000000000000101000001110
1421,00000000000000000000101000100010
1422,00000000000000000000101000001110
1423,00000000000000000000100110110011
1424,00000000000000000000100101100011
1425,00000000000000000000100101011001
1426,00000000000000000000100101011001
1427,00000000000000000000100101101101
1428,00000000000000000000100101011001
1429,00000000000000000000100101100011
1430,00000000000000000000100101100011
1431,00000000000000000000100101100011
1432,00000000000000000000100101100011
1433,00000000000000000000100101110111
1434,00000000000000000000100101101101
1435,00000000000000000000100101100011
1436,00000000000000000000100101100011
1437,00000000000000000000100101011001
1438,00000000000000000000100101100011
1439,00000000000000000000100110000001
1440,00000000000000000000100101101101
1441,00000000000000000000100101101101
1442,00000000000000000000100110000001
1443,00000000000000000000100110000001
1444,00000000000000000000100110000001
1445,00000000000000000000100101110111
1446,00000000000000000000100101110111
1447,00000000000000000000100101110111
1448,00000000000000000000100110111101
1449,00000000000000000000100111010001
1450,00000000000000000000100110111101
1451,00000000000000000000100111100101
1452,00000000000000000000100111011011
1453,00000000000000000000100111011011
1454,00000000000000000000100111010001
1455,00000000000000000000100111010001
1456,00000000000000000000100111011011
1457,00000000000000000000100111010001
1458,00000000000000000000100111010001
1459,00000000000000000000100110111101
1460,00000000000000000000100111011011
1461,00000000000000000000100111011011
1462,00000000000000000000100110110011
1463,00000000000000000000100110110011
1464,00000000000000000000100110110011
1465,00000000000000000000100111100101
1466,00000000000000000000101000000100
1467,00000000000000000000100111111010
1468,00000000000000000000101000001110
1469,00000000000000000000100111110000
1470,00000000000000000000100111011011
1471,00000000000000000000100111011011
1472,00000000000000000000100111111010
1473,00000000000000000000101000001110
1474,00000000000000000000101000001110
1475,00000000000000000000100111111010
1476,00000000000000000000101000001110
1477,00000000000000000000101000101100
1478,00000000000000000000101001000000
1479,00000000000000000000101000000100
1480,00000000000000000000101000001110
1481,00000000000000000000101000101100
1482,00000000000000000000101000000100
1483,00000000000000000000101000101100
1484,00000000000000000000101000110110
1485,00000000000000000000101001000000
1486,00000000000000000000101000100010
1487,00000000000000000000100111100101
1488,00000000000000000000101000011000
1489,00000000000000000000101010011100
1490,00000000000000000000101001110011
1491,00000000000000000000101000100010
1492,00000000000000000000101000101100
1493,00000000000000000000101000001110
1494,00000000000000000000101000000100
1495,00000000000000000000101001000000
1496,00000000000000000000101010010001
1497,00000000000000000000101001011111
1498,00000000000000000000101000100010
1499,00000000000000000000101000011000
1500,00000000000000000000101000001110
1501,00000000000000000000101000110110
1502,00000000000000000000101000011000
1503,00000000000000000000101000001110
1504,00000000000000000000101000100010
1505,00000000000000000000101000101100
1506,00000000000000000000101000101100
1507,00000000000000000000101001000000
1508,00000000000000000000101000110110
1509,00000000000000000000101000100010
1510,00000000000000000000101001001010
1511,00000000000000000000101000110110
1512,00000000000000000000101000001110
1513,00000000000000000000101000001110
1514,00000000000000000000101000110110
1515,00000000000000000000101001010101
1516,00000000000000000000101001001010
1517,00000000000000000000101010100110
1518,00000000000000000000101001000000
1519,00000000000000000000101001011111
1520,00000000000000000000101000110110
1521,00000000000000000000101000110110
1522,00000000000000000000101001110011
1523,00000000000000000000101001110011
1524,00000000000000000000101011001111
1525,00000000000000000000101010011100
1526,00000000000000000000101000110110
1527,00000000000000000000101000110110
1528,00000000000000000000101000110110
1529,00000000000000000000101001001010
1530,00000000000000000000101001110011
1531,00000000000000000000101001101001
1532,00000000000000000000101001101001
1533,00000000000000000000101001010101
1534,00000000000000000000101001110011
1535,00000000000000000000101001011111
1536,00000000000000000000101001011111
1537,00000000000000000000101001111101
1538,00000000000000000000101010000111
1539,00000000000000000000101001010101
1540,00000000000000000000101001110011
1541,00000000000000000000101001001010
1542,00000000000000000000101010011100
1543,00000000000000000000101001110011
1544,00000000000000000000101001110011
1545,00000000000000000000101001000000
1546,00000000000000000000101000101100
1547,00000000000000000000101001001010
1548,00000000000000000000101001111101
1549,00000000000000000000101001011111
1550,00000000000000000000101001101001
1551,00000000000000000000101010110000
1552,00000000000000000000101001111101
1553,00000000000000000000101011001111
1554,00000000000000000000101001111101
1555,00000000000000000000101001000000
1556,00000000000000000000101001101001
1557,00000000000000000000101001001010
1558,00000000000000000000101001000000
1559,00000000000000000000101000101100
1560,00000000000000000000101010010001
1561,00000000000000000000101011100011
1562,00000000000000000000101010011100
1563,00000000000000000000101010011100
1564,00000000000000000000101010000111
1565,00000000000000000000101010010001
1566,00000000000000000000101010010001
1567,00000000000000000000101010111010
1568,00000000000000000000101010111010
1569,00000000000000000000101011000100
1570,00000000000000000000101011011001
1571,00000000000000000000101011000100
1572,00000000000000000000101010110000
1573,00000000000000000000101010011100
1574,00000000000000000000101011000100
1575,00000000000000000000101001111101
1576,00000000000000000000101001010101
1577,00000000000000000000101001011111
1578,00000000000000000000101001011111
1579,00000000000000000000101010000111
1580,00000000000000000000101010010001
1581,00000000000000000000101001111101
1582,00000000000000000000101010010001
1583,00000000000000000000101010011100
1584,00000000000000000000101001111101
1585,00000000000000000000101010011100
1586,00000000000000000000101010010001
1587,00000000000000000000101001111101
1588,00000000000000000000101001110011
1589,00000000000000000000101100110101
1590,00000000000000000000101100001100
1591,00000000000000000000101101001010
1592,00000000000000000000101101011111
1593,00000000000000000000101101110011
1594,00000000000000000000101101110011
1595,00000000000000000000101110001000
1596,00000000000000000000101101011111
1597,00000000000000000000101101011111
1598,00000000000000000000101110100111
1599,00000000000000000000101100110101
1600,00000000000000000000101110100111
1601,00000000000000000000110001000100
1602,00000000000000000000110000011010
1603,00000000000000000000101111011011
1604,00000000000000000000101111000110
1605,00000000000000000000101100100001
1606,00000000000000000000101010100110
1607,00000000000000000000101010010001
1608,00000000000000000000101010011100
1609,00000000000000000000101011000100
1610,00000000000000000000101010110000
1611,00000000000000000000101011001111
1612,00000000000000000000101010111010
1613,00000000000000000000101011000100
1614,00000000000000000000101011000100
1615,00000000000000000000101010110000
1616,00000000000000000000101010110000
1617,00000000000000000000101010111010
1618,00000000000000000000101011000100
1619,00000000000000000000101010100110
1620,00000000000000000000101010100110
1621,00000000000000000000101011000100
1622,00000000000000000000101010110000
1623,00000000000000000000101010111010
1624,00000000000000000000101010111010
1625,00000000000000000000101011001111
1626,00000000000000000000101001111101
1627,00000000000000000000101010110000
1628,00000000000000000000101010100110
1629,00000000000000000000101011000100
1630,00000000000000000000101010110000
1631,00000000000000000000101010110000
1632,00000000000000000000101010010001
1633,00000000000000000000101010011100
1634,00000000000000000000101010010001
1635,00000000000000000000101010011100
1636,00000000000000000000101010110000
1637,00000000000000000000101001111101
1638,00000000000000000000101010100110
1639,00000000000000000000101010011100
1640,00000000000000000000101010100110
1641,00000000000000000000101010011100
1642,00000000000000000000101010100110
1643,00000000000000000000101011000100
1644,00000000000000000000101010100110
1645,00000000000000000000101010010001
1646,00000000000000000000101010010001
1647,00000000000000000000101010000111
1648,00000000000000000000101010011100
1649,00000000000000000000101010110000
1650,00000000000000000000101010110000
1651,00000000000000000000101010110000
1652,00000000000000000000101010011100
1653,00000000000000000000101010110000
1654,00000000000000000000101010100110
1655,00000000000000000000101001110011
1656,00000000000000000000101010000111
1657,00000000000000000000101010110000
1658,00000000000000000000101010011100
1659,00000000000000000000101001111101
1660,00000000000000000000101010011100
1661,00000000000000000000101010011100
1662,00000000000000000000101010000111
1663,00000000000000000000101010000111
1664,00000000000000000000101001011111
1665,00000000000000000000101001111101
1666,00000000000000000000101001010101
1667,00000000000000000000101001011111
1668,00000000000000000000101001101001
1669,00000000000000000000101001101001
1670,00000000000000000000101001011111
1671,00000000000000000000101001010101
1672,00000000000000000000101001001010
1673,00000000000000000000101001001010
1674,00000000000000000000101001011111
1675,00000000000000000000101001000000
1676,00000000000000000000101000101100
1677,00000000000000000000101001001010
1678,00000000000000000000101001000000
1679,00000000000000000000101001010101
1680,00000000000000000000101001101001
1681,00000000000000000000101001000000
1682,00000000000000000000101001001010
1683,00000000000000000000101001101001
1684,00000000000000000000101001110011
1685,00000000000000000000101001000000
1686,00000000000000000000101001001010
1687,00000000000000000000101001001010
1688,00000000000000000000101000101100
1689,00000000000000000000101001011111
1690,00000000000000000000101001101001
1691,00000000000000000000101001110011
1692,00000000000000000000101001011111
1693,00000000000000000000101001001010
1694,00000000000000000000101001011111
1695,00000000000000000000101001001010
1696,00000000000000000000101000110110
1697,00000000000000000000101000110110
1698,00000000000000000000101001001010
1699,00000000000000000000101000110110
1700,00000000000000000000101001000000
